/*
SQLyog Ultimate v8.32 
MySQL - 5.6.26 : Database - ultracms_sia
*********************************************************************
*/

/*!40101 SET NAMES utf8 */;

/*!40101 SET SQL_MODE=''*/;

/*!40014 SET @OLD_UNIQUE_CHECKS=@@UNIQUE_CHECKS, UNIQUE_CHECKS=0 */;
/*!40014 SET @OLD_FOREIGN_KEY_CHECKS=@@FOREIGN_KEY_CHECKS, FOREIGN_KEY_CHECKS=0 */;
/*!40101 SET @OLD_SQL_MODE=@@SQL_MODE, SQL_MODE='NO_AUTO_VALUE_ON_ZERO' */;
/*!40111 SET @OLD_SQL_NOTES=@@SQL_NOTES, SQL_NOTES=0 */;
CREATE DATABASE /*!32312 IF NOT EXISTS*/`ultracms_sia` /*!40100 DEFAULT CHARACTER SET latin1 */;

USE `ultracms_sia`;

/*Table structure for table `edu_student_grade_mutation` */

DROP TABLE IF EXISTS `edu_student_grade_mutation`;

CREATE TABLE `edu_student_grade_mutation` (
  `id` int(11) NOT NULL AUTO_INCREMENT,
  `mutation_date` date NOT NULL,
  `dest_classroom_id` int(11) NOT NULL,
  `created_by` int(11) DEFAULT NULL,
  `created_date` datetime DEFAULT NULL,
  `modified_by` int(11) DEFAULT NULL,
  `modified_date` timestamp NULL DEFAULT NULL ON UPDATE CURRENT_TIMESTAMP,
  PRIMARY KEY (`id`),
  KEY `FK_edu_student_grade_mutation` (`dest_classroom_id`),
  CONSTRAINT `FK_edu_student_grade_mutation` FOREIGN KEY (`dest_classroom_id`) REFERENCES `m_edu_classroom` (`id`) ON DELETE NO ACTION ON UPDATE NO ACTION
) ENGINE=InnoDB AUTO_INCREMENT=3 DEFAULT CHARSET=utf8 COLLATE=utf8_unicode_ci;

/*Data for the table `edu_student_grade_mutation` */

insert  into `edu_student_grade_mutation`(`id`,`mutation_date`,`dest_classroom_id`,`created_by`,`created_date`,`modified_by`,`modified_date`) values (2,'2017-09-27',8,1,'2017-09-27 10:31:54',NULL,NULL);

/*Table structure for table `edu_student_grade_mutation_detail` */

DROP TABLE IF EXISTS `edu_student_grade_mutation_detail`;

CREATE TABLE `edu_student_grade_mutation_detail` (
  `id` int(11) NOT NULL AUTO_INCREMENT,
  `mutation_id` int(11) NOT NULL,
  `student_id` int(11) NOT NULL,
  `created_by` int(11) DEFAULT NULL,
  `created_date` datetime DEFAULT NULL,
  `modified_by` int(11) DEFAULT NULL,
  `modified_date` timestamp NULL DEFAULT NULL ON UPDATE CURRENT_TIMESTAMP,
  PRIMARY KEY (`id`),
  KEY `FK_edu_student_grade_mutation_detail_1` (`mutation_id`),
  KEY `FK_edu_student_grade_mutation_detail_2` (`student_id`),
  CONSTRAINT `FK_edu_student_grade_mutation_detail_1` FOREIGN KEY (`mutation_id`) REFERENCES `edu_student_grade_mutation` (`id`) ON DELETE NO ACTION ON UPDATE NO ACTION,
  CONSTRAINT `FK_edu_student_grade_mutation_detail_2` FOREIGN KEY (`student_id`) REFERENCES `m_student` (`id`) ON DELETE NO ACTION ON UPDATE NO ACTION
) ENGINE=InnoDB AUTO_INCREMENT=5 DEFAULT CHARSET=utf8 COLLATE=utf8_unicode_ci;

/*Data for the table `edu_student_grade_mutation_detail` */

insert  into `edu_student_grade_mutation_detail`(`id`,`mutation_id`,`student_id`,`created_by`,`created_date`,`modified_by`,`modified_date`) values (3,2,11,1,'2017-09-27 10:31:54',NULL,NULL),(4,2,12,1,'2017-09-27 10:31:54',NULL,NULL);

/*Table structure for table `edu_student_score` */

DROP TABLE IF EXISTS `edu_student_score`;

CREATE TABLE `edu_student_score` (
  `id` int(11) NOT NULL AUTO_INCREMENT,
  `student_id` int(11) NOT NULL,
  `year` smallint(4) NOT NULL COMMENT 'Tahun ajaran',
  `created_by` int(11) DEFAULT NULL,
  `created_date` datetime DEFAULT NULL,
  `modified_by` int(11) DEFAULT NULL,
  `modified_date` timestamp NULL DEFAULT NULL ON UPDATE CURRENT_TIMESTAMP,
  PRIMARY KEY (`id`),
  KEY `FK_edu_student_score` (`student_id`),
  CONSTRAINT `FK_edu_student_score` FOREIGN KEY (`student_id`) REFERENCES `m_student` (`id`) ON DELETE CASCADE ON UPDATE CASCADE
) ENGINE=InnoDB DEFAULT CHARSET=utf8 COLLATE=utf8_unicode_ci COMMENT='Nilai siswa';

/*Data for the table `edu_student_score` */

/*Table structure for table `edu_student_score_details` */

DROP TABLE IF EXISTS `edu_student_score_details`;

CREATE TABLE `edu_student_score_details` (
  `id` int(11) NOT NULL AUTO_INCREMENT,
  `score_id` int(11) NOT NULL,
  `subject_id` int(11) NOT NULL,
  `subject_score` smallint(3) NOT NULL,
  `created_by` int(11) DEFAULT NULL,
  `created_date` datetime DEFAULT NULL,
  `modified_by` int(11) DEFAULT NULL,
  `modified_date` timestamp NULL DEFAULT NULL ON UPDATE CURRENT_TIMESTAMP,
  PRIMARY KEY (`id`),
  KEY `FK_edu_student_score_details` (`score_id`),
  KEY `FK_edu_student_score_details_2` (`subject_id`),
  CONSTRAINT `FK_edu_student_score_details` FOREIGN KEY (`score_id`) REFERENCES `edu_student_score` (`id`) ON DELETE CASCADE ON UPDATE CASCADE,
  CONSTRAINT `FK_edu_student_score_details_2` FOREIGN KEY (`subject_id`) REFERENCES `m_edu_subjects` (`id`)
) ENGINE=InnoDB DEFAULT CHARSET=utf8 COLLATE=utf8_unicode_ci COMMENT='Detail nilai siswa';

/*Data for the table `edu_student_score_details` */

/*Table structure for table `gen_md_trx_type` */

DROP TABLE IF EXISTS `gen_md_trx_type`;

CREATE TABLE `gen_md_trx_type` (
  `id` bigint(20) NOT NULL AUTO_INCREMENT,
  `transaction_type` varchar(50) COLLATE utf8_unicode_ci NOT NULL,
  `nama` varchar(255) COLLATE utf8_unicode_ci NOT NULL,
  `active` char(1) COLLATE utf8_unicode_ci NOT NULL DEFAULT 'Y' COMMENT 'status aktif=Y, non aktif=N',
  `parent_type` bigint(20) DEFAULT NULL COMMENT 'jika dia sub type harus ada parentnya',
  `is_sub_type` tinyint(4) NOT NULL DEFAULT '0' COMMENT 'menandakan apakah dia sub type transaksi atau tidak 0=false 1=true',
  `transaction_flow` char(1) COLLATE utf8_unicode_ci NOT NULL DEFAULT 'D' COMMENT 'jenis transaksi pengeluaran=C, pendapatan=D',
  `document_type_id` bigint(20) NOT NULL,
  `created_date` datetime DEFAULT NULL,
  `modified_date` timestamp NULL DEFAULT NULL ON UPDATE CURRENT_TIMESTAMP,
  `created_by` int(11) DEFAULT NULL,
  `modified_by` int(11) DEFAULT NULL,
  PRIMARY KEY (`id`)
) ENGINE=InnoDB AUTO_INCREMENT=136 DEFAULT CHARSET=utf8 COLLATE=utf8_unicode_ci;

/*Data for the table `gen_md_trx_type` */

insert  into `gen_md_trx_type`(`id`,`transaction_type`,`nama`,`active`,`parent_type`,`is_sub_type`,`transaction_flow`,`document_type_id`,`created_date`,`modified_date`,`created_by`,`modified_by`) values (1,'TRX-1','Saldo Awal','N',NULL,0,'D',0,NULL,'2017-04-04 10:20:14',NULL,2),(2,'TRX-2','Pendapatan SPP','N',NULL,0,'D',1,NULL,'2017-08-16 11:34:16',NULL,2),(3,'TRX-3','Biaya Gaji/Upah Kerja','Y',NULL,0,'C',5,NULL,'2017-08-16 22:14:14',NULL,2),(4,'TRX-4','Uang Pangkal & Uang Gedung','Y',NULL,0,'D',2,NULL,'2017-08-02 13:47:39',NULL,2),(5,'TRX-5','Tiket Transportasi','Y',77,1,'C',4,NULL,'2017-08-16 11:35:02',NULL,NULL),(6,'TRX-6','Gaji Guru Honorer/Freelance','Y',3,1,'C',4,NULL,'2017-08-16 22:18:48',NULL,NULL),(8,'TRX-8','Kas BON Pegawai','Y',NULL,0,'C',0,NULL,'2017-04-04 10:20:14',NULL,NULL),(9,'TRX-9','Pengembalian Kasbon Pegawai','Y',NULL,0,'D',3,NULL,'2017-08-16 21:38:55',NULL,2),(11,'TRX-11','BIAYA DILUAR USAHA','Y',NULL,0,'C',0,NULL,'2017-04-04 10:20:14',NULL,NULL),(13,'TRX-13','BIAYA PERSIAPAN KEGIATAN OUTING SISWA','Y',NULL,0,'C',0,NULL,'2017-04-04 10:20:14',NULL,NULL),(14,'TRX-14','Pembelian Sarana/Pelengkap/Alat Outing Siswa','N',13,1,'C',0,NULL,'2017-04-04 10:20:14',NULL,NULL),(15,'TRX-15','PIUTANG USAHA','N',NULL,0,'C',0,NULL,'2017-04-04 10:20:14',NULL,NULL),(16,'TRX-16','Piutang SPP Siswa','Y',15,1,'C',0,NULL,'2017-07-06 21:48:07',NULL,NULL),(17,'TRX-17','Piutang Uang Pangkal & Gedung Siswa','N',15,1,'c',0,NULL,'2017-04-04 10:20:14',NULL,NULL),(18,'TRX-18','Modal Awal','N',NULL,0,'D',0,NULL,'2017-04-04 10:20:14',NULL,2),(19,'TRX-19','PENDAPATAN','N',NULL,0,'D',0,NULL,'2017-04-04 10:20:14',NULL,NULL),(20,'TRX-20','PENDAPATAN UMUM SISWA','Y',19,0,'D',0,NULL,'2017-04-04 10:20:14',NULL,NULL),(21,'TRX-21','Penyewaan Tempat Kegiatan Outing','Y',13,1,'C',0,NULL,'2017-04-04 10:20:14',NULL,NULL),(22,'TRX-22','Tiket Kegiatan Outing','Y',13,1,'C',0,NULL,'2017-04-04 10:20:14',NULL,NULL),(23,'TRX-23','Konsumsi Outing','Y',13,1,'C',0,NULL,'2017-04-04 10:20:14',NULL,NULL),(24,'TRX-24','Transportasi Outing','Y',13,1,'C',0,NULL,'2017-04-04 10:20:14',NULL,NULL),(25,'TRX-25','Pendukung Outing Lain','Y',13,1,'C',0,NULL,'2017-04-04 10:20:14',NULL,NULL),(26,'TRX-26','BIAYA KEGIATAN EVENT SEKOLAH','Y',NULL,0,'C',0,NULL,'2017-04-04 10:20:14',NULL,NULL),(27,'TRX-27','Pembelian Piala/ Medali/ Cinderamata Pendukung Eve','Y',26,1,'C',0,NULL,'2017-04-04 10:20:14',NULL,NULL),(28,'TRX-28','Pembelian Aneka Hiasan Event','Y',26,1,'C',0,NULL,'2017-04-04 10:20:14',NULL,NULL),(29,'TRX-29','Pembelian Aneka Konsumsi Event','Y',26,1,'C',0,NULL,'2017-04-04 10:20:14',NULL,NULL),(30,'TRX-30','Penyewaan Equipment Pendukung Event (Sound, Lampu,','Y',26,1,'C',0,NULL,'2017-04-04 10:20:14',NULL,NULL),(31,'TRX-31','Biaya MC, Juri, Bintang Tamu & Etc','Y',26,1,'C',0,NULL,'2017-04-04 10:20:14',NULL,NULL),(32,'TRX-32','Biaya Keamanan Event','Y',26,1,'C',0,NULL,'2017-04-04 10:20:14',NULL,NULL),(33,'TRX-33','Biaya Pendukung Kegiatan Event Lain','Y',26,1,'C',0,NULL,'2017-04-04 10:20:14',NULL,NULL),(34,'TRX-34','BIAYA PEMBINAAN KARYAWAN','Y',NULL,0,'C',0,NULL,'2017-04-04 10:20:14',NULL,NULL),(35,'TRX-35','Pakaian/ Seragam Karyawan','Y',34,1,'C',0,NULL,'2017-04-04 10:20:14',NULL,NULL),(36,'TRX-36','Rekreasi Karyawan','Y',34,1,'C',0,NULL,'2017-04-04 10:20:14',NULL,NULL),(37,'TRX-37','THR Karyawan','Y',34,1,'C',0,NULL,'2017-04-04 10:20:14',NULL,NULL),(38,'TRX-38','Asuransi Karyawan','Y',34,1,'C',0,NULL,'2017-04-04 10:20:14',NULL,NULL),(39,'TRX-39','Tunjangan Karyawan Lain','Y',34,1,'C',0,NULL,'2017-04-04 10:20:14',NULL,NULL),(40,'TRX-40','BEBAN PEMELIHARAAN/ MAINTENANCE EQUIPMENT SEKOLAH','Y',NULL,0,'C',0,NULL,'2017-04-04 10:20:14',NULL,NULL),(41,'TRX-41','Pemeliharaan Ruang/ Bangunan/ Gedung','Y',40,1,'C',0,NULL,'2017-04-04 10:20:14',NULL,NULL),(42,'TRX-42','Pemeliharaan Kolam & Equipment Pendukung Kolam','Y',40,1,'C',0,NULL,'2017-04-04 10:20:14',NULL,NULL),(43,'TRX-43','Pemeliharaan Meja/ Kursi/ Rak/ Almari/ Etc','Y',40,1,'C',0,NULL,'2017-04-04 10:20:14',NULL,NULL),(44,'TRX-44','Pemeliharaan Mekanika Electrical (Kelistrikan, AC,','Y',40,1,'C',0,NULL,'2017-04-04 10:20:14',NULL,NULL),(45,'TRX-45','Pemeliharaan Komputerisasi, Printer & Accesories','Y',40,1,'C',0,NULL,'2017-04-04 10:20:14',NULL,NULL),(46,'TRX-46','Pemeliharaan Media Musik, Audio & Visual','Y',40,1,'C',0,NULL,'2017-04-04 10:20:14',NULL,NULL),(47,'TRX-47','Pemeliharaan Alat Pendukung Kegiatan Siswa','Y',40,1,'C',0,NULL,'2017-04-04 10:20:14',NULL,NULL),(48,'TRX-48','Pemeliharaan Alat Transportasi/ Kendaraan','Y',40,1,'C',0,NULL,'2017-04-04 10:20:14',NULL,NULL),(49,'TRX-49','Pemeliharaan Alat Komunikasi Sekolah','Y',40,1,'C',0,NULL,'2017-04-04 10:20:14',NULL,NULL),(50,'TRX-50','Pemeliharaan Perlengkapan Alat Rumah Tangga','Y',40,1,'C',0,NULL,'2017-04-04 10:20:14',NULL,NULL),(51,'TRX-51','Pemeliharaan Equipment Lain','Y',40,1,'C',0,NULL,'2017-04-04 10:20:14',NULL,NULL),(52,'TRX-52','BIAYA UPAKARA','Y',NULL,0,'C',0,NULL,'2017-04-04 10:20:14',NULL,NULL),(53,'TRX-53','Pembelian Aneka Canang','Y',52,1,'C',0,NULL,'2017-04-04 10:20:14',NULL,NULL),(54,'TRX-54','Pembelian Aneka Dupa','Y',52,1,'C',0,NULL,'2017-04-04 10:20:14',NULL,NULL),(55,'TRX-55','Pembelian Aneka Pelengkap Upakara (Permen, Rokok, ','Y',52,1,'C',0,NULL,'2017-04-04 10:20:14',NULL,NULL),(56,'TRX-56','Pembelian Banten Menengah (Pejati, Caru & Etc)','Y',52,1,'C',0,NULL,'2017-04-04 10:20:14',NULL,NULL),(57,'TRX-57','Biaya Upakara Hari Saraswati','Y',52,1,'C',0,NULL,'2017-04-04 10:20:14',NULL,NULL),(58,'TRX-58','Sesari atau Dana Punia','Y',52,1,'C',0,NULL,'2017-04-04 10:20:14',NULL,NULL),(59,'TRX-59','Biaya Upakara Lain','Y',52,1,'C',0,NULL,'2017-04-04 10:20:14',NULL,NULL),(60,'TRX-60','BIAYA PEMASARAN & PROMOSI','Y',NULL,0,'C',0,NULL,'2017-04-04 10:20:14',NULL,NULL),(61,'TRX-61','Iklan Media Cetak','Y',60,1,'C',0,NULL,'2017-04-04 10:20:14',NULL,NULL),(62,'TRX-62','Iklan Media Visual/ Internet','Y',60,1,'C',0,NULL,'2017-04-04 10:20:14',NULL,NULL),(63,'TRX-63','Pembuatan Pamplet, Baliho, Spanduk, Flier, Brosur ','Y',60,1,'C',0,NULL,'2017-04-04 10:20:14',NULL,NULL),(64,'TRX-64','Biaya Promo Lain','Y',60,1,'C',0,NULL,'2017-04-04 10:20:14',NULL,NULL),(65,'TRX-65','BEBAN PERJALANAN DINAS','Y',NULL,0,'C',0,NULL,'2017-04-04 10:20:14',NULL,NULL),(66,'TRX-66','Perjalanan Kegiatan DIKNAS','Y',65,1,'C',0,NULL,'2017-04-04 10:20:14',NULL,NULL),(67,'TRX-67','Perjalanan Kegiatan Diluar DIKNAS','Y',65,1,'C',0,NULL,'2017-04-04 10:20:14',NULL,NULL),(68,'TRX-68','BIAYA PENDIDIKAN & PELATIHAN SDM','Y',NULL,0,'C',0,NULL,'2017-04-04 10:20:14',NULL,NULL),(69,'TRX-69','Biaya Pendidikan Sekolah','Y',68,1,'C',0,NULL,'2017-04-04 10:20:14',NULL,NULL),(70,'TRX-70','Biaya Pelatihan/ Kursus','Y',68,1,'C',0,NULL,'2017-04-04 10:20:14',NULL,NULL),(71,'TRX-71','BIAYA LISTRIK, PHONE & INTERNET','Y',NULL,0,'C',0,NULL,'2017-04-04 10:20:14',NULL,NULL),(72,'TRX-72','Listrik PLN','Y',71,1,'C',0,NULL,'2017-04-04 10:20:14',NULL,NULL),(73,'TRX-73','Listrik Generator','Y',71,1,'C',0,NULL,'2017-04-04 10:20:14',NULL,NULL),(74,'TRX-74','Telephone Desk','Y',71,1,'C',0,NULL,'2017-04-04 10:20:14',NULL,NULL),(75,'TRX-75','Pulsa Handphone','Y',71,1,'C',0,NULL,'2017-04-04 10:20:14',NULL,NULL),(76,'TRX-76','Internet','y',71,1,'C',0,NULL,'2017-04-04 10:20:14',NULL,NULL),(77,'TRX-77','BIAYA TRANSPORTASI','Y',NULL,0,'C',0,NULL,'2017-04-04 10:20:14',NULL,NULL),(78,'TRX-78','Bahan Bakar Kendaraan Roda 2','Y',77,1,'C',0,NULL,'2017-04-04 10:20:14',NULL,NULL),(79,'TRX-79','Bahan Bakar Kendaraan Roda 4','Y',77,1,'C',0,NULL,'2017-04-04 10:20:14',NULL,NULL),(80,'TRX-80','Sewa Kendaraan','Y',77,1,'C',0,NULL,'2017-04-04 10:20:14',NULL,NULL),(81,'TRX-81','BIAYA GAJI atau UPAH KERJA','Y',NULL,0,'C',0,NULL,'2017-04-04 10:20:14',NULL,NULL),(82,'TRX-82','Gaji Yayasan','Y',81,1,'C',0,NULL,'2017-04-04 10:20:14',NULL,NULL),(83,'TRX-83','Gaji Management Office','Y',81,1,'C',0,NULL,'2017-04-04 10:20:14',NULL,NULL),(84,'TRX-84','Gaji Kepala Sekolah & Wakil Kepala Sekolah','Y',81,1,'C',0,NULL,'2017-04-04 10:20:14',NULL,NULL),(85,'TRX-85','Gaji Guru & Pengajar','Y',81,1,'C',0,NULL,'2017-04-04 10:20:14',NULL,NULL),(86,'TRX-86','Gaji Guru Honorer/ Freelance','Y',81,1,'C',0,NULL,'2017-04-04 10:20:14',NULL,NULL),(87,'TRX-87','Gaji Front Office (FO)','Y',81,1,'C',0,NULL,'2017-04-04 10:20:14',NULL,NULL),(88,'TRX-88','Gaji Cleaning Service (CS)','Y',81,1,'C',0,NULL,'2017-04-04 10:20:14',NULL,NULL),(89,'TRX-89','Gaji Security','Y',81,1,'C',0,NULL,'2017-04-04 10:20:14',NULL,NULL),(90,'TRX-90','Gaji Sopir','Y',81,1,'C',0,NULL,'2017-04-04 10:20:14',NULL,NULL),(91,'TRX-91','Upah Kerja Lain','Y',81,1,'C',0,NULL,'2017-04-04 10:20:14',NULL,NULL),(92,'TRX-92','BIAYA PERLENGKAPAN KANTOR/ OFFICE','Y',NULL,0,'C',0,NULL,'2017-04-04 10:20:14',NULL,NULL),(93,'TRX-93','Pembelian Aneka Kertas','Y',92,1,'C',0,NULL,'2017-04-04 10:20:14',NULL,NULL),(94,'TRX-94','Pembelian Aneka Alat Tulis Kantor (ATK)','Y',92,1,'C',0,NULL,'2017-04-04 10:20:14',NULL,NULL),(95,'TRX-95','Pembelian Aneka Alat Potong & Rekat (Gunting, Stre','Y',92,1,'C',0,NULL,'2017-04-04 10:20:14',NULL,NULL),(96,'TRX-96','Pembelian Aneka Cap, Tinta Printer & Stempel','Y',92,1,'C',0,NULL,'2017-04-04 10:20:14',NULL,NULL),(97,'TRX-97','Pembelian Aneka Map/ Bag','Y',92,1,'C',0,NULL,'2017-04-04 10:20:14',NULL,NULL),(98,'TRX-98','Pembelian Materai/ Fotocopy/ Laminating','Y',92,1,'C',0,NULL,'2017-04-04 10:20:14',NULL,NULL),(99,'TRX-99','Pembelian Name Card/ Name Tag/ Etc','Y',92,1,'C',0,NULL,'2017-04-04 10:20:14',NULL,NULL),(100,'TRX-100','Pembelian Konsumsi Office','Y',92,1,'C',0,NULL,'2017-04-04 10:20:14',NULL,NULL),(101,'TRX-101','Pembelian Pendukung Kantor Lain','Y',92,1,'C',0,NULL,'2017-04-04 10:20:14',NULL,NULL),(102,'TRX-102','BIAYA PERLENGKAPAN KELAS','Y',NULL,0,'C',0,NULL,'2017-04-04 10:20:14',NULL,NULL),(103,'TRX-103','Pembelian Aneka Kertas Kelas','Y',102,1,'C',0,NULL,'2017-04-04 10:20:14',NULL,NULL),(104,'TRX-104','Pembelian Aneka Alat Tulis','Y',102,1,'C',0,NULL,'2017-04-04 10:20:14',NULL,NULL),(105,'TRX-105','Pembelian Aneka Alat Potong & Rekat (Gunting, Stre','Y',102,1,'C',0,NULL,'2017-04-04 10:20:14',NULL,NULL),(106,'TRX-106','Pembelian Map/ Bag','Y',102,1,'C',0,NULL,'2017-04-04 10:20:14',NULL,NULL),(107,'TRX-107','Fotocoy, Laminating','Y',102,1,'C',0,NULL,'2017-04-04 10:20:14',NULL,NULL),(108,'TRX-108','Pembelian Aneka Hiasan Kelas','Y',102,1,'C',0,NULL,'2017-04-04 10:20:14',NULL,NULL),(109,'TRX-109','Pembelian Keperluan Kelas Lain','Y',102,1,'C',0,NULL,'2017-04-04 10:20:14',NULL,NULL),(110,'TRX-110','BIAYA KELENGKAPAN AKADEMIK SISWA','Y',NULL,0,'C',0,NULL,'2017-04-04 10:20:14',NULL,NULL),(111,'TRX-111','Pembelian Buku Siswa','Y',110,1,'C',0,NULL,'2017-04-04 10:20:14',NULL,NULL),(112,'TRX-112','Pembelian Pakaian & Kelengkapan Seragam Siswa','Y',110,1,'C',0,NULL,'2017-04-04 10:20:14',NULL,NULL),(113,'TRX-113','Pembelian Equipment Pendukung Pelajaran Siswa','Y',110,1,'C',0,NULL,'2017-04-04 10:20:14',NULL,NULL),(114,'TRX-114','Pembelian Pendukung Kelengkapan Siswa Lain','Y',110,1,'C',0,NULL,'2017-04-04 10:20:14',NULL,NULL),(115,'TRX-115','BIAYA SARANA PENGEMBANGAN AKADEMIK','Y',NULL,0,'C',0,NULL,'2017-04-04 10:20:14',NULL,NULL),(116,'TRX-116','Pembelian/ Penyewaan Lahan Sekolah','Y',115,1,'C',0,NULL,'2017-04-04 10:20:14',NULL,NULL),(117,'TRX-117','Pengembangan Ruang/ Bangunan/ Gedung Sekolah','Y',115,1,'C',0,NULL,'2017-04-04 10:20:14',NULL,NULL),(118,'TRX-118','Pembelian Meja, Kursi, Rak, Almari & Etc','Y',115,1,'C',0,NULL,'2017-04-04 10:20:14',NULL,NULL),(119,'TRX-119','Pembelian Permainan Siswa Indoor & Outdoor','Y',115,1,'C',0,NULL,'2017-04-04 10:20:14',NULL,NULL),(120,'TRX-120','Pembelian Alat Olah Raga','Y',115,1,'C',0,NULL,'2017-04-04 10:20:14',NULL,NULL),(121,'TRX-121','Pembelian Alat Musik, Audio & Visual','Y',115,1,'C',0,NULL,'2017-04-04 10:20:14',NULL,NULL),(122,'TRX-122','Pembelian Alat Komputerisasi, Printer & Accesories','Y',115,1,'C',0,NULL,'2017-04-04 10:20:14',NULL,NULL),(123,'TRX-123','Pembelian Alat Lab & Kichen Room','Y',115,1,'C',0,NULL,'2017-04-04 10:20:14',NULL,NULL),(124,'TRX-124','Pembelian Buku Materi, Bacaan & Perpustakaan','Y',115,1,'C',0,NULL,'2017-04-04 10:20:14',NULL,NULL),(125,'TRX-125','BIAYA SARANA & PERLENGKAPAN RUMAH TANGGA','Y',NULL,0,'C',0,NULL,'2017-04-04 10:20:14',NULL,NULL),(126,'TRX-126','Pembelian Alat Transportasi/ Kendaraan','Y',125,1,'C',0,NULL,'2017-04-04 10:20:14',NULL,NULL),(127,'TRX-127','Pembelian Mekanika Electrical (Pengairan, Kelistri','Y',125,1,'C',0,NULL,'2017-04-04 10:20:14',NULL,NULL),(128,'TRX-128','Pembelian Alat Komunikasi (Telephone/ Handphone/ E','Y',125,1,'C',0,NULL,'2017-04-04 10:20:14',NULL,NULL),(129,'TRX-129','Pembelian Perlengkapan Rumah Tangga Sehari2','Y',125,1,'C',0,NULL,'2017-04-04 10:20:14',NULL,NULL),(130,'TRX-130','Pembelian Alat Pendukung Rumah Tangga Lain','Y',125,1,'C',0,NULL,'2017-04-04 10:20:14',NULL,NULL),(131,'TRX-131','PENDAPATAN UANG PENDAFTARAN SISWA BARU','Y',NULL,0,'D',0,NULL,'2017-04-04 10:20:14',NULL,NULL),(132,'TRX-132','Uang Pendaftaran Siswa Baru PAUD','Y',131,1,'D',0,NULL,'2017-04-04 10:20:14',NULL,NULL),(133,'TRX-133','Uang Pendaftaran Siswa Baru SD','Y',131,1,'D',0,NULL,'2017-04-04 10:20:14',NULL,NULL),(134,'TRX-134','PENDAPATAN BUNGA TABUNGAN BANK','Y',NULL,0,'D',0,NULL,'2017-04-04 10:20:14',NULL,NULL),(135,'TRX-135','Bunga Bank 1','Y',134,1,'D',0,NULL,'2017-04-04 10:20:14',NULL,NULL);

/*Table structure for table `gen_trx_debet_credit` */

DROP TABLE IF EXISTS `gen_trx_debet_credit`;

CREATE TABLE `gen_trx_debet_credit` (
  `id` bigint(20) NOT NULL AUTO_INCREMENT,
  `transaction_number` varchar(2050) COLLATE utf8_unicode_ci NOT NULL COMMENT 'Nomor transaksi, bisa sama jika merupakan lawan dari transaksi lainnya',
  `transaction_type` bigint(20) NOT NULL,
  `ref_transaction_id` bigint(20) DEFAULT NULL COMMENT 'id transaksi lawan',
  `employee_id` bigint(11) DEFAULT NULL,
  `student_id` bigint(11) DEFAULT NULL,
  `account_code` bigint(15) NOT NULL COMMENT 'Main Account Id',
  `remark` varchar(150) CHARACTER SET latin1 NOT NULL,
  `amount_debet` decimal(10,0) NOT NULL DEFAULT '0',
  `amount_credit` decimal(10,0) NOT NULL DEFAULT '0',
  `transaction_date` date NOT NULL,
  `financial_month` int(11) NOT NULL,
  `financial_year` int(11) NOT NULL,
  `created_date` datetime DEFAULT NULL,
  `modified_date` timestamp NULL DEFAULT NULL ON UPDATE CURRENT_TIMESTAMP,
  `created_by` int(11) DEFAULT NULL,
  `modified_by` int(11) DEFAULT NULL,
  `ref_transaction_number` bigint(20) DEFAULT NULL COMMENT 'nomor transaksi yang dibatalkan',
  PRIMARY KEY (`id`)
) ENGINE=InnoDB AUTO_INCREMENT=13 DEFAULT CHARSET=utf8 COLLATE=utf8_unicode_ci;

/*Data for the table `gen_trx_debet_credit` */

insert  into `gen_trx_debet_credit`(`id`,`transaction_number`,`transaction_type`,`ref_transaction_id`,`employee_id`,`student_id`,`account_code`,`remark`,`amount_debet`,`amount_credit`,`transaction_date`,`financial_month`,`financial_year`,`created_date`,`modified_date`,`created_by`,`modified_by`,`ref_transaction_number`) values (1,'TD2017-07-0001',9,NULL,NULL,NULL,38,'','0','0','2017-07-25',7,2017,'2017-07-25 03:13:05','2017-07-25 04:13:05',NULL,NULL,NULL),(2,'TD2017-07-0001',9,1,NULL,NULL,38,'','0','0','2017-07-25',7,2017,'2017-07-25 03:13:05','2017-07-25 04:13:05',NULL,NULL,NULL),(3,'TC2017-07-0001',3,NULL,8,NULL,132,'bayar gaji ke surya bayu','5510000','0','2017-07-25',7,2017,'2017-07-25 04:52:45','2017-07-25 05:52:45',NULL,NULL,NULL),(4,'TC2017-07-0001',3,3,8,NULL,3,'bayar gaji ke surya bayu','0','5510000','2017-07-25',7,2017,'2017-07-25 04:52:45','2017-07-25 05:52:45',NULL,NULL,NULL),(5,'TD2017-07-0001',2,NULL,NULL,298,16,'Bayar Spp NIS : S2010030456 Bulan January Tahun 2017','0','425000','2017-07-25',1,2017,'2017-07-25 05:08:36','2017-07-25 06:08:36',NULL,NULL,NULL),(6,'TD2017-07-0001',2,5,NULL,298,3,'Bayar Spp NIS : S2010030456 Bulan January Tahun 2017','425000','0','2017-07-25',1,2017,'2017-07-25 05:08:36','2017-07-25 06:08:36',NULL,NULL,NULL),(7,'TD2017-07-0002',2,NULL,NULL,298,16,'Bayar Spp NIS : S2010030456 Bulan February Tahun 2017','0','425000','2017-07-25',2,2017,'2017-07-25 05:08:36','2017-07-25 06:08:36',NULL,NULL,NULL),(8,'TD2017-07-0002',2,7,NULL,298,3,'Bayar Spp NIS : S2010030456 Bulan February Tahun 2017','425000','0','2017-07-25',2,2017,'2017-07-25 05:08:36','2017-07-25 06:08:36',NULL,NULL,NULL),(9,'TD2017-07-0003',2,NULL,NULL,298,16,'Bayar Spp NIS : S2010030456 Bulan March Tahun 2017','0','425000','2017-07-25',3,2017,'2017-07-25 05:08:36','2017-07-25 06:08:36',NULL,NULL,NULL),(10,'TD2017-07-0003',2,9,NULL,298,3,'Bayar Spp NIS : S2010030456 Bulan March Tahun 2017','425000','0','2017-07-25',3,2017,'2017-07-25 05:08:36','2017-07-25 06:08:36',NULL,NULL,NULL),(11,'TD2017-07-0004',2,NULL,NULL,298,16,'Bayar Spp NIS : S2010030456 Bulan April Tahun 2017','0','425000','2017-07-25',4,2017,'2017-07-25 05:08:36','2017-07-25 06:08:36',NULL,NULL,NULL),(12,'TD2017-07-0004',2,11,NULL,298,3,'Bayar Spp NIS : S2010030456 Bulan April Tahun 2017','425000','0','2017-07-25',4,2017,'2017-07-25 05:08:36','2017-07-25 06:08:36',NULL,NULL,NULL);

/*Table structure for table `gen_trx_gaji` */

DROP TABLE IF EXISTS `gen_trx_gaji`;

CREATE TABLE `gen_trx_gaji` (
  `id` bigint(11) NOT NULL AUTO_INCREMENT,
  `transaction_number` varchar(2050) COLLATE utf8_unicode_ci NOT NULL,
  `employee_id` bigint(11) NOT NULL,
  `financial_month` int(11) DEFAULT NULL,
  `financial_year` int(11) DEFAULT NULL,
  `gaji_pokok` decimal(10,0) NOT NULL DEFAULT '0',
  `harian` decimal(10,0) NOT NULL DEFAULT '0',
  `tambahan` decimal(10,0) NOT NULL DEFAULT '0',
  `total_gaji` decimal(10,0) NOT NULL DEFAULT '0',
  `total_kasbon` decimal(10,0) NOT NULL DEFAULT '0',
  `bayar_kasbon` decimal(10,0) NOT NULL DEFAULT '0',
  `total_gaji_dibayar` decimal(10,0) NOT NULL DEFAULT '0',
  `transaction_date` date NOT NULL,
  `remark` varchar(150) COLLATE utf8_unicode_ci DEFAULT NULL,
  `created_date` datetime DEFAULT NULL,
  `created_by` int(11) DEFAULT NULL,
  `modified_date` timestamp NULL DEFAULT NULL,
  `modified_by` int(11) DEFAULT NULL,
  PRIMARY KEY (`id`)
) ENGINE=InnoDB AUTO_INCREMENT=2 DEFAULT CHARSET=utf8 COLLATE=utf8_unicode_ci;

/*Data for the table `gen_trx_gaji` */

insert  into `gen_trx_gaji`(`id`,`transaction_number`,`employee_id`,`financial_month`,`financial_year`,`gaji_pokok`,`harian`,`tambahan`,`total_gaji`,`total_kasbon`,`bayar_kasbon`,`total_gaji_dibayar`,`transaction_date`,`remark`,`created_date`,`created_by`,`modified_date`,`modified_by`) values (1,'TC2017-07-0001',8,7,2017,'5510000','0','0','5510000','0','0','5510000','2017-07-25','bayar gaji ke surya bayu','2017-07-25 04:52:45',NULL,'2017-07-25 05:52:45',NULL);

/*Table structure for table `gen_trx_pendapatan` */

DROP TABLE IF EXISTS `gen_trx_pendapatan`;

CREATE TABLE `gen_trx_pendapatan` (
  `id` bigint(20) NOT NULL AUTO_INCREMENT,
  `transaction_type` bigint(20) NOT NULL,
  `transaction_number` varchar(255) COLLATE utf8_unicode_ci NOT NULL,
  `student_id` bigint(20) DEFAULT NULL,
  `employee_id` bigint(20) DEFAULT NULL,
  `jumlah_transaksi` decimal(10,0) NOT NULL DEFAULT '0',
  `diskon` int(3) NOT NULL DEFAULT '0',
  `total_bayar` decimal(10,0) NOT NULL DEFAULT '0',
  `dibayar` decimal(10,0) NOT NULL DEFAULT '0',
  `sisa_bayar` decimal(10,0) NOT NULL DEFAULT '0',
  `remark` varchar(255) COLLATE utf8_unicode_ci DEFAULT NULL,
  `transaction_date` date NOT NULL,
  `created_date` datetime DEFAULT NULL,
  `modified_date` timestamp NULL DEFAULT NULL,
  `created_by` int(11) DEFAULT NULL,
  `modified_by` int(11) DEFAULT NULL,
  PRIMARY KEY (`id`)
) ENGINE=InnoDB DEFAULT CHARSET=utf8 COLLATE=utf8_unicode_ci;

/*Data for the table `gen_trx_pendapatan` */

/*Table structure for table `gen_trx_posting_profile` */

DROP TABLE IF EXISTS `gen_trx_posting_profile`;

CREATE TABLE `gen_trx_posting_profile` (
  `id` bigint(20) NOT NULL AUTO_INCREMENT,
  `account_debet` bigint(20) NOT NULL,
  `account_credit` bigint(20) NOT NULL,
  `trx_type` bigint(20) NOT NULL,
  `created_date` datetime DEFAULT NULL,
  `modified_date` timestamp NULL DEFAULT NULL ON UPDATE CURRENT_TIMESTAMP,
  `created_by` int(11) DEFAULT NULL,
  `modified_by` int(11) DEFAULT NULL,
  PRIMARY KEY (`id`),
  UNIQUE KEY `i_trx_type` (`trx_type`)
) ENGINE=InnoDB AUTO_INCREMENT=17 DEFAULT CHARSET=utf8 COLLATE=utf8_unicode_ci;

/*Data for the table `gen_trx_posting_profile` */

insert  into `gen_trx_posting_profile`(`id`,`account_debet`,`account_credit`,`trx_type`,`created_date`,`modified_date`,`created_by`,`modified_by`) values (1,3,13,1,NULL,NULL,NULL,NULL),(2,132,3,3,NULL,'2017-05-02 22:21:35',NULL,NULL),(3,3,16,2,NULL,'2017-03-30 22:09:15',NULL,NULL),(4,146,3,5,NULL,'2017-03-30 22:11:43',NULL,NULL),(5,21,3,6,NULL,NULL,NULL,NULL),(6,21,3,7,NULL,NULL,NULL,NULL),(7,38,3,8,NULL,'2017-05-02 22:16:30',NULL,NULL),(8,3,38,9,NULL,'2017-05-02 22:20:17',NULL,NULL),(9,31,3,10,NULL,NULL,NULL,NULL),(10,29,3,11,NULL,NULL,NULL,NULL),(11,33,3,13,NULL,'2017-03-16 13:13:45',NULL,NULL),(12,34,3,14,NULL,NULL,NULL,NULL),(13,3,6,15,NULL,NULL,NULL,NULL),(14,6,35,16,NULL,NULL,NULL,NULL),(15,64,40,18,NULL,NULL,NULL,NULL),(16,3,74,4,NULL,NULL,NULL,NULL);

/*Table structure for table `gen_trx_spp` */

DROP TABLE IF EXISTS `gen_trx_spp`;

CREATE TABLE `gen_trx_spp` (
  `id` bigint(11) NOT NULL AUTO_INCREMENT,
  `transaction_number` varchar(2050) COLLATE utf8_unicode_ci NOT NULL,
  `student_id` bigint(11) NOT NULL,
  `real_amount` decimal(10,0) NOT NULL DEFAULT '0',
  `amount` decimal(10,0) NOT NULL DEFAULT '0',
  `selected_financial_month` varchar(24) COLLATE utf8_unicode_ci NOT NULL,
  `financial_year` int(11) DEFAULT NULL,
  `diskon` decimal(2,0) DEFAULT '0',
  `total_amount` decimal(20,0) NOT NULL,
  `transaction_date` date DEFAULT NULL,
  `remark` varchar(150) COLLATE utf8_unicode_ci DEFAULT NULL,
  `created_date` date DEFAULT NULL,
  `modified_date` timestamp NULL DEFAULT NULL,
  `created_by` int(11) DEFAULT NULL,
  `modified_by` int(11) DEFAULT NULL,
  PRIMARY KEY (`id`)
) ENGINE=InnoDB AUTO_INCREMENT=2 DEFAULT CHARSET=utf8 COLLATE=utf8_unicode_ci;

/*Data for the table `gen_trx_spp` */

insert  into `gen_trx_spp`(`id`,`transaction_number`,`student_id`,`real_amount`,`amount`,`selected_financial_month`,`financial_year`,`diskon`,`total_amount`,`transaction_date`,`remark`,`created_date`,`modified_date`,`created_by`,`modified_by`) values (1,'TDS2017-07-0001',298,'425000','425000','1,2,3,4',2017,'0','1700000','2017-07-25','','2017-07-25','2017-07-25 06:08:35',NULL,NULL);

/*Table structure for table `m_document_type` */

DROP TABLE IF EXISTS `m_document_type`;

CREATE TABLE `m_document_type` (
  `id` bigint(20) NOT NULL AUTO_INCREMENT,
  `document_type` varchar(10) COLLATE utf8_unicode_ci NOT NULL,
  `desc_doc_type` varbinary(100) DEFAULT NULL,
  PRIMARY KEY (`id`)
) ENGINE=InnoDB AUTO_INCREMENT=7 DEFAULT CHARSET=utf8 COLLATE=utf8_unicode_ci;

/*Data for the table `m_document_type` */

insert  into `m_document_type`(`id`,`document_type`,`desc_doc_type`) values (1,'SPP','Pendapatan SPP'),(2,'PUSIS','Pendapatan Umum Siswa'),(3,'PUSEK','Pendapatan Umum Sekolah'),(4,'PU','Pembayaran Umum'),(5,'PGK','Pembayaran Gaji Karyawan'),(6,'PH','Pembayaran Hutang');

/*Table structure for table `m_edu_classroom` */

DROP TABLE IF EXISTS `m_edu_classroom`;

CREATE TABLE `m_edu_classroom` (
  `id` int(11) NOT NULL AUTO_INCREMENT,
  `grade_id` int(11) NOT NULL,
  `name` varchar(25) COLLATE utf8_unicode_ci NOT NULL,
  `level` smallint(6) NOT NULL DEFAULT '0' COMMENT 'Level pendidikan, dimulai dari nol',
  `created_by` int(11) DEFAULT NULL,
  `created_date` datetime DEFAULT NULL,
  `modified_by` int(11) DEFAULT NULL,
  `modified_date` timestamp NULL DEFAULT NULL ON UPDATE CURRENT_TIMESTAMP,
  PRIMARY KEY (`id`),
  KEY `FK_m_edu_classroom` (`grade_id`),
  CONSTRAINT `FK_m_edu_classroom` FOREIGN KEY (`grade_id`) REFERENCES `m_edu_grade` (`id`) ON DELETE CASCADE ON UPDATE CASCADE
) ENGINE=InnoDB AUTO_INCREMENT=17 DEFAULT CHARSET=utf8 COLLATE=utf8_unicode_ci;

/*Data for the table `m_edu_classroom` */

insert  into `m_edu_classroom`(`id`,`grade_id`,`name`,`level`,`created_by`,`created_date`,`modified_by`,`modified_date`) values (1,1,'PG-A',0,1,'2016-10-05 11:30:27',1,'2017-05-03 10:30:27'),(2,1,'PG-B',0,1,'2016-10-05 11:30:27',1,'2017-05-03 10:30:35'),(3,1,'PG-C',0,1,'2016-10-05 11:30:27',1,'2017-05-03 10:30:41'),(4,2,'TK-A',0,1,'2016-10-05 11:30:27',1,'2017-05-03 10:29:49'),(5,2,'TK-B',1,1,'2016-10-05 11:30:27',1,'2017-09-27 15:28:22'),(7,3,'Kelas-1',0,1,'2016-10-05 11:30:27',1,'2017-05-03 10:28:06'),(8,3,'Kelas 2',2,1,'2016-10-05 11:30:27',1,'2017-09-27 15:26:30'),(9,3,'Kelas-3',3,1,'2016-10-05 11:30:27',1,'2017-09-27 15:26:33'),(10,7,'SMP-01',0,1,'2016-10-14 08:01:01',NULL,NULL),(13,7,'SMP-02',0,1,'2016-10-15 05:59:34',1,'2016-10-15 12:08:48'),(14,3,'Kelas-4',4,1,'2017-05-02 22:28:32',NULL,'2017-09-27 15:26:36'),(15,3,'Kelas-5',5,1,'2017-05-02 22:28:42',NULL,'2017-09-27 15:26:38'),(16,3,'Kelas-6',6,1,'2017-05-02 22:28:54',NULL,'2017-09-27 15:26:42');

/*Table structure for table `m_edu_grade` */

DROP TABLE IF EXISTS `m_edu_grade`;

CREATE TABLE `m_edu_grade` (
  `id` int(11) NOT NULL AUTO_INCREMENT,
  `name` varchar(25) COLLATE utf8_unicode_ci NOT NULL,
  `level` smallint(6) NOT NULL DEFAULT '0' COMMENT 'Level pendidikan, dimulai dari nol',
  `active` char(1) COLLATE utf8_unicode_ci NOT NULL DEFAULT 'Y' COMMENT 'Y/N',
  `created_by` int(11) DEFAULT NULL,
  `created_date` datetime DEFAULT NULL,
  `modified_by` int(11) DEFAULT NULL,
  `modified_date` timestamp NULL DEFAULT NULL ON UPDATE CURRENT_TIMESTAMP,
  PRIMARY KEY (`id`)
) ENGINE=InnoDB AUTO_INCREMENT=8 DEFAULT CHARSET=utf8 COLLATE=utf8_unicode_ci;

/*Data for the table `m_edu_grade` */

insert  into `m_edu_grade`(`id`,`name`,`level`,`active`,`created_by`,`created_date`,`modified_by`,`modified_date`) values (1,'Play Group',0,'Y',1,'2016-10-05 10:48:09',1,'2016-10-15 12:26:49'),(2,'TK',1,'Y',1,'2016-10-05 10:48:09',1,'2017-09-27 14:54:45'),(3,'SD',2,'Y',1,'2016-10-05 10:48:09',NULL,'2017-09-27 14:54:41'),(7,'SMP',3,'N',1,'2016-10-14 07:10:45',1,'2017-09-27 14:54:58');

/*Table structure for table `m_edu_subjects` */

DROP TABLE IF EXISTS `m_edu_subjects`;

CREATE TABLE `m_edu_subjects` (
  `id` int(11) NOT NULL AUTO_INCREMENT,
  `name` varchar(50) COLLATE utf8_unicode_ci NOT NULL,
  `active` char(1) COLLATE utf8_unicode_ci NOT NULL DEFAULT 'Y' COMMENT 'Y/N',
  `created_by` int(11) DEFAULT NULL,
  `created_date` datetime DEFAULT NULL,
  `modified_by` int(11) DEFAULT NULL,
  `modified_date` timestamp NULL DEFAULT NULL ON UPDATE CURRENT_TIMESTAMP,
  PRIMARY KEY (`id`),
  UNIQUE KEY `i_m_edu_subjects` (`name`)
) ENGINE=InnoDB DEFAULT CHARSET=utf8 COLLATE=utf8_unicode_ci COMMENT='Master mata pelajaran';

/*Data for the table `m_edu_subjects` */

/*Table structure for table `m_employee` */

DROP TABLE IF EXISTS `m_employee`;

CREATE TABLE `m_employee` (
  `id` int(11) NOT NULL AUTO_INCREMENT,
  `name` varchar(50) COLLATE utf8_unicode_ci NOT NULL COMMENT 'Full name',
  `nickname` varchar(25) COLLATE utf8_unicode_ci DEFAULT NULL COMMENT 'Nama panggilan',
  `gender` char(1) COLLATE utf8_unicode_ci NOT NULL DEFAULT 'L' COMMENT 'L = Laki-Laki, P = Perempuan',
  `id_number` varchar(35) COLLATE utf8_unicode_ci NOT NULL COMMENT 'Nomor identitas (KTP/SIM)',
  `birth_date` date NOT NULL,
  `birth_place` varchar(25) COLLATE utf8_unicode_ci DEFAULT NULL,
  `address` varchar(100) COLLATE utf8_unicode_ci NOT NULL COMMENT 'Alamat sesuai KTP',
  `phone_number` varchar(15) COLLATE utf8_unicode_ci DEFAULT NULL COMMENT 'Nomor telepon utama',
  `jabatan` varchar(50) COLLATE utf8_unicode_ci NOT NULL,
  `created_date` datetime DEFAULT NULL,
  `modified_date` timestamp NULL DEFAULT NULL ON UPDATE CURRENT_TIMESTAMP,
  `created_by` int(11) DEFAULT NULL,
  `modified_by` int(11) DEFAULT NULL,
  `active` char(1) COLLATE utf8_unicode_ci NOT NULL DEFAULT 'Y' COMMENT 'Y/N',
  PRIMARY KEY (`id`)
) ENGINE=InnoDB AUTO_INCREMENT=10 DEFAULT CHARSET=utf8 COLLATE=utf8_unicode_ci;

/*Data for the table `m_employee` */

insert  into `m_employee`(`id`,`name`,`nickname`,`gender`,`id_number`,`birth_date`,`birth_place`,`address`,`phone_number`,`jabatan`,`created_date`,`modified_date`,`created_by`,`modified_by`,`active`) values (1,'Eka Darmawan','Ekodor','L','1234567890022','1985-01-01','Tabanan','Abian Tuwung','081222654987','Kepala Sekolah',NULL,'2017-05-02 15:34:38',NULL,3,'N'),(2,'Dewa Pariana','Pari','L','1234567890002','1989-12-25','Gianyar','Denpasar','089922254321','Tenaga Pengajar','2016-09-02 17:26:13','2017-05-03 08:51:12',NULL,3,'N'),(3,'Luh Komang','Luhmang','P','1234567891234','1985-02-01','Denpasar','Kuta','089933354321','Tenaga Pengajar','2016-09-12 22:10:10','2017-05-02 15:34:32',1,3,'N'),(4,'Wayan Mirna','Mirna','P','1234567891112','1983-10-01','Buleleng','Denpasar','089944422211','Tenaga Pengajar','2016-09-12 22:10:10','2017-05-03 18:59:39',1,3,'N'),(5,'Pengajar IPschool','Mis','P','1234567890','1992-07-30','Denmark','Denpasar','0987654321','Staff Administrasi','2017-05-02 03:42:04','2017-07-06 23:01:42',3,1,'Y'),(6,'A.A Gde Agung Surya Bayu (coba 3 Mei 2017)','Gung Jamrud','L','5891735087509817603166','1984-07-20','Ginanjar','Jalan Raya Gianyar','583170553151','Staff Administrasi','2017-05-02 22:53:17','2017-05-03 12:35:19',2,3,'N'),(7,'Yusma Samskara Ganakin (coba 3 mei 2017)','Gek Ria Laklak Puun','P','735385883','1977-07-22','Ginanjar','Jalan Raya Gianyar','583170553151','Staff Kebersihan','2017-05-02 22:54:39','2017-05-03 12:35:30',2,3,'N'),(8,'A.A Gde Agung Surya Bayu','Gung Bayu','L','48735697518350871085','2017-06-29','Ginanjar','Jalan Bed Ngandang no 90XXX','642642624642642','Tenaga Pengajar','2017-07-23 00:10:43','2017-07-25 12:50:50',2,4,'Y'),(9,'Gung Jamrud','Jamrud','L','32532525','2017-07-07','432545','5325325','25325','Staff Administrasi','2017-07-24 09:48:03',NULL,2,NULL,'Y');

/*Table structure for table `m_lov` */

DROP TABLE IF EXISTS `m_lov`;

CREATE TABLE `m_lov` (
  `id` int(11) NOT NULL AUTO_INCREMENT,
  `name` varchar(50) COLLATE utf8_unicode_ci NOT NULL COMMENT 'LOV name (uppercase)',
  PRIMARY KEY (`id`),
  UNIQUE KEY `iUnique` (`name`)
) ENGINE=InnoDB AUTO_INCREMENT=5 DEFAULT CHARSET=utf8 COLLATE=utf8_unicode_ci;

/*Data for the table `m_lov` */

insert  into `m_lov`(`id`,`name`) values (3,'GENDER'),(4,'JABATAN'),(1,'PEKERJAAN'),(2,'STAYED_AT');

/*Table structure for table `m_lov_detail` */

DROP TABLE IF EXISTS `m_lov_detail`;

CREATE TABLE `m_lov_detail` (
  `lov_id` int(11) NOT NULL,
  `caption` varchar(25) COLLATE utf8_unicode_ci NOT NULL,
  `value` varchar(50) COLLATE utf8_unicode_ci NOT NULL,
  `locale` varchar(5) COLLATE utf8_unicode_ci NOT NULL DEFAULT 'id' COMMENT 'Locale code (lowercase)',
  `sequence` smallint(6) DEFAULT '0',
  UNIQUE KEY `iUnique` (`lov_id`,`caption`,`value`,`locale`),
  CONSTRAINT `FK_m_lov_detail` FOREIGN KEY (`lov_id`) REFERENCES `m_lov` (`id`) ON DELETE CASCADE ON UPDATE CASCADE
) ENGINE=InnoDB DEFAULT CHARSET=utf8 COLLATE=utf8_unicode_ci;

/*Data for the table `m_lov_detail` */

insert  into `m_lov_detail`(`lov_id`,`caption`,`value`,`locale`,`sequence`) values (1,'ABRI','ABRI','id',0),(1,'Nelayan','Nelayan','id',0),(1,'Pegawai Swasta','Pegawai Swasta','id',0),(1,'Petani','Petani','id',0),(1,'PNS','PNS','id',0),(1,'Wiraswasta','Wiraswasta','id',0),(2,'Asrama','Asrama','id',2),(2,'Menumpang','Menumpang','id',3),(2,'Orang Tua','Orang Tua','id',1),(3,'Laki-laki','L','id',1),(3,'Perempuan','P','id',2),(4,'Kepala Sekolah','Kepala Sekolah','id',0),(4,'Staff Administrasi','Staff Administrasi','id',0),(4,'Staff Kebersihan','Staff Kebersihan','id',0),(4,'Staff Keuangan','Staff Keuangan','id',0),(4,'Tenaga Pengajar','Tenaga Pengajar','id',0);

/*Table structure for table `m_main_account` */

DROP TABLE IF EXISTS `m_main_account`;

CREATE TABLE `m_main_account` (
  `id` bigint(20) NOT NULL AUTO_INCREMENT,
  `account_code` varchar(50) COLLATE utf8_unicode_ci NOT NULL,
  `name` varchar(100) COLLATE utf8_unicode_ci NOT NULL,
  `parent` varchar(50) COLLATE utf8_unicode_ci DEFAULT NULL,
  `active` char(1) COLLATE utf8_unicode_ci NOT NULL DEFAULT 'Y',
  `created_date` datetime DEFAULT NULL,
  `modified_date` timestamp NULL DEFAULT NULL ON UPDATE CURRENT_TIMESTAMP,
  `created_by` int(11) DEFAULT NULL,
  `modified_by` int(11) DEFAULT NULL,
  PRIMARY KEY (`id`)
) ENGINE=InnoDB AUTO_INCREMENT=240 DEFAULT CHARSET=utf8 COLLATE=utf8_unicode_ci;

/*Data for the table `m_main_account` */

insert  into `m_main_account`(`id`,`account_code`,`name`,`parent`,`active`,`created_date`,`modified_date`,`created_by`,`modified_by`) values (1,'1-000','AKTIVA',NULL,'Y',NULL,'2016-09-14 23:53:03',NULL,NULL),(2,'1-100','AKTIVA LANCAR','1','Y',NULL,'2016-09-14 23:53:11',NULL,NULL),(3,'1-110','KAS','2','Y',NULL,'2017-03-17 21:18:14',NULL,NULL),(4,'1-120','BANK','2','Y',NULL,'2017-03-20 00:16:31',NULL,NULL),(5,'1-121','PENYETORAN & PENARIKAN DANA BANK','2','Y',NULL,'2017-03-20 00:17:27',NULL,NULL),(6,'1-130','PIUTANG USAHA','2','Y',NULL,'2017-03-19 04:14:49',NULL,NULL),(7,'1-124','Uang Muka','2','N',NULL,'2017-02-25 07:00:25',NULL,1),(8,'1-200','AKTIVA TETAP','1','Y',NULL,'2016-11-07 10:21:38',NULL,NULL),(10,'1-210','Tanah','8','N',NULL,'2017-03-17 09:26:48',NULL,2),(11,'1-400','KEWAJIBAN DAN EKUITAS','1','N',NULL,'2017-03-17 09:29:22',NULL,2),(12,'1-500','KEWAJIBAN JANGKA PENDEK','1','N',NULL,'2017-03-17 09:47:24',NULL,2),(13,'9-999','Saldo Awal',NULL,'Y',NULL,NULL,NULL,NULL),(14,'4-100','PENDAPATAN','197','Y',NULL,'2017-03-18 11:37:31',NULL,NULL),(15,'1-220','Bangunan','8','N',NULL,'2017-03-17 09:27:02',NULL,2),(16,'4-110','PENDAPATAN SPP','14','Y',NULL,'2017-03-17 20:46:21',NULL,NULL),(17,'4-120','PENDAPATAN UMUM SISWA','14','Y',NULL,'2017-03-17 20:52:43',NULL,NULL),(18,'5-000','BEBAN','197','Y',NULL,'2017-03-18 11:38:19',NULL,NULL),(19,'5-200','BEBAN POKOK PENDAPATAN NON ASET','18','Y',NULL,'2017-03-17 21:00:13',NULL,NULL),(20,'5-100','BEBAN POKOK PENDAPATAN ASET','18','Y',NULL,'2017-03-17 20:57:53',NULL,NULL),(21,'5-110','BIAYA SARANA PENGEMBANGAN AKADEMIK','20','Y',NULL,'2017-03-27 00:11:48',NULL,NULL),(22,'1-300','AKTIVA LAIN-LAIN','1','N',NULL,'2017-03-19 00:50:39',NULL,2),(23,'1-311','Biaya Preopening','22','N',NULL,'2017-03-17 09:27:31',NULL,2),(24,'1-600','KEWAJIBAN JANGKA PANJANG','1','N',NULL,'2017-03-17 09:47:38',NULL,2),(25,'1-700','EKUITAS','1','N',NULL,'2017-03-17 09:48:04',NULL,2),(26,'4-200','PENDAPATAN DILUAR USAHA','197','Y',NULL,'2017-03-18 11:36:29',NULL,NULL),(27,'5-300','BEBAN USAHA','18','Y',NULL,'2017-03-17 20:59:01',NULL,NULL),(28,'5-120','BIAYA SARANA & PERLENGKAPAN RUMAH TANGGA','20','Y',NULL,'2017-03-17 21:06:18',NULL,NULL),(29,'5-600','BEBAN DILUAR USAHA','18','Y',NULL,'2017-03-18 11:27:25',NULL,NULL),(30,'5-610','Biaya Admin Bank','29','N',NULL,'2017-02-19 01:21:23',NULL,2),(31,'5-620','Beban Biaya DIKNAS','29','Y',NULL,'2017-03-25 21:53:40',NULL,NULL),(32,'1-123','Uang Muka','2','N',NULL,'2017-03-17 22:11:42',NULL,2),(33,'5-400','BIAYA PERSIAPAN KEGIATAN OUTING SISWA',NULL,'Y',NULL,NULL,NULL,NULL),(34,'5-400-01','Pembelian Sarana/ Perlengkapan/ Alat Outing Siswa','33','Y',NULL,'2017-03-18 06:29:16',NULL,NULL),(35,'1-130-01','Piutang SPP Siswa','6','Y',NULL,'2017-03-19 04:15:36',NULL,NULL),(36,'1-130-02','Piutang Uang Pangkal & Gedung Siswa','6','Y',NULL,'2017-03-19 04:15:17',NULL,NULL),(37,'1-130-03','Piutang Akademik Siswa','6','Y',NULL,'2017-03-19 04:15:53',NULL,NULL),(38,'1-130-04','Piutang Bon Karyawan','6','Y',NULL,'2017-03-19 04:16:07',NULL,NULL),(39,'1-130-05','Piutang Lain','6','Y',NULL,'2017-03-19 04:16:25',NULL,NULL),(40,'1-210','AKTIVA TETAP ASET PENGEMBANGAN AKADEMIK','8','Y',NULL,'2017-03-27 00:14:52',NULL,NULL),(41,'1-210-01','Lahan/ Tanah/ Tempat Sekolah','40','Y',NULL,'2017-03-27 00:16:59',NULL,NULL),(42,'1-210-02','Ruang/ Bangunan/ Gedung','40','Y',NULL,'2017-03-27 00:17:39',NULL,NULL),(43,'1-210-03','Meja, Kursi, Rak, Almari dll','40','Y',NULL,'2017-03-17 10:54:37',NULL,NULL),(44,'1-210-04','Alat Permainan Siswa Indoor & Outdoor','40','Y',NULL,'2017-03-17 10:54:54',NULL,NULL),(45,'1-210-05','Alat Olah Raga','40','Y',NULL,'2017-03-17 10:55:10',NULL,NULL),(46,'1-210-06','Alat Musik, Audio & Visual','40','Y',NULL,'2017-03-18 04:33:58',NULL,NULL),(47,'1-210-07','Alat Komputerisasi, Printer & Accesories','40','Y',NULL,'2017-03-18 04:34:23',NULL,NULL),(48,'1-210-08','Alat Lab & Kichen Room','40','Y',NULL,'2017-03-18 04:37:04',NULL,NULL),(49,'1-210-09','Buku Materi, Bacaan & Perpustakaan','40','Y',NULL,'2017-03-18 04:34:53',NULL,NULL),(50,'1-220','AKTIVA TETAP PERLENGKAPAN RUMAH TANGGA','8','Y',NULL,'2017-03-19 00:49:03',NULL,NULL),(51,'1-220-01','Alat Transportasi atau Kendaraan','50','Y',NULL,NULL,NULL,NULL),(52,'1-220-02','Alat Mekanika Elektrical (Pengairan, Kelistrikan, AC, Kulkas & Etc)','50','Y',NULL,'2017-03-27 00:31:46',NULL,NULL),(53,'1-220-04','Alat Perlengkapan Rumah Tangga','50','Y',NULL,'2017-03-25 22:32:50',NULL,NULL),(54,'1-220-05','Alat Pendukung Lain','50','Y',NULL,'2017-03-25 22:33:21',NULL,NULL),(55,'5-610','BIAYA ADMIN BANK','29','Y',NULL,'2017-03-19 05:04:04',NULL,NULL),(56,'2-100','KEWAJIBAN JANGKA PENDEK','197','Y',NULL,'2017-03-19 23:41:11',NULL,NULL),(57,'2-110','Hutang (Bapak Wayan Nika Putrawan)','56','Y',NULL,NULL,NULL,NULL),(58,'2-120','Biaya Yang Masih Harus Dibayar','56','Y',NULL,NULL,NULL,NULL),(59,'2-200','KEWAJIBAN JANGKA PANJANG','197','Y',NULL,'2017-03-19 23:42:02',NULL,NULL),(60,'2-210','HUTANG KENDARAAN','59','Y',NULL,NULL,NULL,NULL),(61,'2-220','HUTANG BANK','59','Y',NULL,NULL,NULL,NULL),(62,'2-230','HUTANG PIHAK III','59','Y',NULL,NULL,NULL,NULL),(63,'3-100','EKUITAS','1','Y',NULL,NULL,NULL,NULL),(64,'3-110','MODAL','63','Y',NULL,'2017-03-19 00:53:49',NULL,NULL),(65,'3-111','Laba Rugi Ditahan','63','Y',NULL,NULL,NULL,NULL),(66,'3-112','Laba Rugi Tahun Berjalan 2010','63','Y',NULL,NULL,NULL,NULL),(67,'3-113','Laba Rugi Tahun Berjalan 2011','63','Y',NULL,NULL,NULL,NULL),(68,'3-114','Laba Rugi Tahun Berjalan 2012','63','Y',NULL,NULL,NULL,NULL),(69,'3-115','Laba Rugi Tahun Berjalan 2013','63','Y',NULL,NULL,NULL,NULL),(70,'3-116','Laba Rugi Tahun Berjalan 2014','63','Y',NULL,'2017-03-17 22:02:27',NULL,NULL),(71,'3-117','Laba Rugi Tahun Berjalan 2015','63','Y',NULL,'2017-03-17 22:02:58',NULL,NULL),(72,'3-118','Laba Rugi Tahun Berjalan 2016','63','Y',NULL,'2017-03-17 22:03:25',NULL,NULL),(73,'3-119','Laba Rugi Tahun Berjalan 2017','63','Y',NULL,NULL,NULL,NULL),(74,'4-120-01','Uang Pangkal & Uang Gedung','17','Y',NULL,NULL,NULL,NULL),(75,'4-120-02','Uang Akademik','17','Y',NULL,NULL,NULL,NULL),(76,'4-120-03','Uang Pendukung Exc School','17','Y',NULL,NULL,NULL,NULL),(77,'4-120-04','Uang Buku & Pendukung Pelajaran','17','Y',NULL,NULL,NULL,NULL),(78,'4-120-05','Uang Pakaian Siswa','17','Y',NULL,NULL,NULL,NULL),(79,'4-120-06','Uang Kegiatan Outing','17','Y',NULL,NULL,NULL,NULL),(80,'4-120-07','Uang Antar Jemput Siswa','17','Y',NULL,NULL,NULL,NULL),(81,'4-120-08','Uang Lain Siswa','17','Y',NULL,NULL,NULL,NULL),(82,'4-130','PENDAPATAN UANG PENDAFTARAN SISWA BARU','14','Y',NULL,'2017-03-17 22:18:25',NULL,NULL),(83,'4-130-01','Uang Pendaftaran Siswa Baru PAUD','82','Y',NULL,NULL,NULL,NULL),(84,'4-130-02','Uang Pendaftaran Siswa Baru SD','82','Y',NULL,NULL,NULL,NULL),(85,'4-220','PENDAPATAN BUNGA DEPOSITO BANK/ KOPERASI','26','Y',NULL,'2017-03-19 04:20:11',NULL,NULL),(86,'4-220-01','Deposito Bank 1','85','Y',NULL,'2017-03-20 00:33:15',NULL,NULL),(87,'4-220-02','Deposito Bank 2','85','Y',NULL,'2017-03-20 00:33:55',NULL,NULL),(88,'4-210-03','Deposito Koperasi','85','N',NULL,'2017-03-19 04:23:59',NULL,2),(89,'4-230','PENDAPATAN DANA BANTUAN','26','Y',NULL,'2017-03-19 04:24:36',NULL,NULL),(90,'4-230-01','Dana Bantuan Diknas/ Dana BOS','89','Y',NULL,'2017-03-19 04:25:34',NULL,NULL),(91,'4-230-02','Dana Bantuan Organisasi/ Lembaga Diluar Diknas','89','Y',NULL,'2017-03-19 04:26:07',NULL,NULL),(92,'4-230-03','Dana Bantuan Lain/ Perorangan','89','Y',NULL,'2017-03-19 04:26:34',NULL,NULL),(93,'4-240','PENDAPATAN EVENT','26','Y',NULL,'2017-03-19 04:24:57',NULL,NULL),(94,'4-240-01','Pendapatan Sponsor','93','Y',NULL,'2017-03-19 04:27:16',NULL,NULL),(95,'4-240-02','Pendapatan Sewa Stand/ Tempat','93','Y',NULL,'2017-03-19 04:27:50',NULL,NULL),(96,'4-240-03','Pendapatan Event Lain','93','Y',NULL,'2017-03-19 04:28:21',NULL,NULL),(97,'5-110-01','Pembelian/ Penyewaan Lahan Sekolah','21','Y',NULL,'2017-03-27 00:13:54',NULL,NULL),(98,'5-110-02','Pengembangan Ruang/ Bangunan/ Gedung Sekolah','21','Y',NULL,'2017-03-27 00:18:44',NULL,NULL),(99,'5-110-03','Pembelian Meja, Kursi, Rak, Almari & Etc','21','Y',NULL,'2017-03-27 00:20:22',NULL,NULL),(100,'5-110-04','Pembelian Permainan Siswa Indoor & Outdoor','21','Y',NULL,NULL,NULL,NULL),(101,'5-110-05','Pembelian Alat Olah Raga','21','Y',NULL,NULL,NULL,NULL),(102,'5-110-06','Pembelian Alat Musik, Audio & Visual','21','Y',NULL,'2017-03-18 04:36:00',NULL,NULL),(103,'5-110-07','Pembelian Alat Komputerisasi, Printer & Accesories','21','Y',NULL,'2017-03-18 04:37:38',NULL,NULL),(104,'5-110-08','Pembelian Alat Lab & Kichen Room','21','Y',NULL,'2017-03-18 04:36:33',NULL,NULL),(105,'5-110-09','Pembelian Buku Materi, Bacaan & Perpustakaan','21','Y',NULL,'2017-03-18 04:38:20',NULL,NULL),(106,'5-120-01','Pembelian Alat Transportasi/ Kendaraan','28','Y',NULL,NULL,NULL,NULL),(107,'5-120-02','Pembelian Mekanika Elektrical (Pengairan, Kelistrikan, AC, Kulkas & Etc)','28','Y',NULL,'2017-03-27 00:31:18',NULL,NULL),(108,'5-120-04','Pembelian Perlengkapan Rumah Tangga Sehari2','28','Y',NULL,'2017-03-27 01:19:40',NULL,NULL),(109,'5-120-03','Pembelian Alat Komunikasi Telephone/ Handphone/ Etc','28','Y',NULL,'2017-03-19 04:49:41',NULL,NULL),(110,'5-210','BIAYA KELENGKAPAN AKADEMIK SISWA','19','Y',NULL,'2017-03-27 00:02:16',NULL,NULL),(111,'5-210-01','Pembelian Buku Siswa','110','Y',NULL,NULL,NULL,NULL),(112,'5-210-02','Pembelian Pakaian & Kelengkapan Seragam Siswa','110','Y',NULL,'2017-03-27 00:01:19',NULL,NULL),(113,'5-210-03','Pembelian Equipment Pendukung Pelajaran Siswa','110','Y',NULL,NULL,NULL,NULL),(114,'5-210-04','Pembelian Pendukung Kelengkapan Siswa Lain','110','Y',NULL,NULL,NULL,NULL),(115,'5-220','BIAYA PERLENGKAPAN KELAS','19','Y',NULL,NULL,NULL,NULL),(116,'5-220-01','Pembelian Aneka Kertas Kelas','115','Y',NULL,'2017-03-26 22:56:27',NULL,NULL),(117,'5-220-02','Pembelian Aneka Alat Tulis','115','Y',NULL,NULL,NULL,NULL),(118,'5-220-03','Pembelian Aneka Alat Potong & Rekat (Gunting, Streples, Lem & Etc)','115','Y',NULL,'2017-03-26 22:57:34',NULL,NULL),(119,'5-220-04','Pembelian Map/ Bag','115','Y',NULL,NULL,NULL,NULL),(120,'5-220-05','Fotocopy, Laminating','115','Y',NULL,NULL,NULL,NULL),(121,'5-220-06','Pembelian Aneka Hiasan Kelas','115','Y',NULL,'2017-03-26 22:58:08',NULL,NULL),(122,'5-220-07','Pembelian Keperluan Kelas Lain','115','Y',NULL,'2017-03-26 22:58:41',NULL,NULL),(123,'5-230','BIAYA PERLENGKAPAN KANTOR/ OFFICE','19','Y',NULL,NULL,NULL,NULL),(124,'5-230-01','Pembelian Aneka Kertas','123','Y',NULL,NULL,NULL,NULL),(125,'5-230-02','Pembelian Aneka Alat Tulis Kantor (ATK)','123','Y',NULL,'2017-03-26 22:01:56',NULL,NULL),(126,'5-230-03','Pembelian Aneka Alat Potong & Rekat (Gunting, Streples, Lem & Etc)','123','Y',NULL,'2017-03-26 22:03:22',NULL,NULL),(127,'5-230-04','Pembelian Aneka Cap, Tinta Printer & Stempel','123','Y',NULL,'2017-03-26 22:04:05',NULL,NULL),(128,'5-230-05','Pembelian Aneka Map/ Bag','123','Y',NULL,'2017-03-26 22:04:47',NULL,NULL),(129,'5-230-06','Pembelian Materai/ Fotocopy/ Laminating','123','Y',NULL,NULL,NULL,NULL),(130,'5-230-07','Pembelian Name Card/ Name Tag/ Etc','123','Y',NULL,NULL,NULL,NULL),(131,'5-230-09','Pembelian Pendukung Kantor Lain','123','Y',NULL,'2017-03-18 04:49:26',NULL,NULL),(132,'5-310','BIAYA GAJI atau UPAH KERJA','27','Y',NULL,'2017-03-17 23:54:38',NULL,NULL),(133,'5-310-01','Gaji Yayasan','132','Y',NULL,NULL,NULL,NULL),(134,'5-310-02','Gaji Management Office','132','Y',NULL,NULL,NULL,NULL),(135,'5-310-03','Gaji Kepala Sekolah & Wakil Kepala Sekolah','132','Y',NULL,NULL,NULL,NULL),(136,'5-310-04','Gaji Guru & Pengajar','132','Y',NULL,'2017-03-19 04:41:08',NULL,NULL),(137,'5-310-05','Gaji Guru Honorer/ Freelance','132','Y',NULL,'2017-03-22 23:36:49',NULL,NULL),(138,'5-310-06','Gaji Front Office (FO)','132','Y',NULL,'2017-03-22 23:38:34',NULL,NULL),(139,'5-310-07','Gaji Cleanning Service (CS)','132','Y',NULL,'2017-03-22 23:42:43',NULL,NULL),(140,'5-310-08','Gaji Security','132','Y',NULL,'2017-03-26 21:42:39',NULL,NULL),(141,'5-310-09','Gaji Sopir','132','Y',NULL,'2017-03-22 23:44:17',NULL,NULL),(142,'5-320','BIAYA TRANSPORTASI','27','Y',NULL,NULL,NULL,NULL),(143,'5-320-01','Bahan Bakar Kendaraan Roda 2','142','Y',NULL,NULL,NULL,NULL),(144,'5-320-02','Bahan Bakar Kendaraan Roda 4','142','Y',NULL,NULL,NULL,NULL),(145,'5-320-03','Sewa Kendaraan','142','Y',NULL,NULL,NULL,NULL),(146,'5-320-04','Tiket Transportasi','142','Y',NULL,NULL,NULL,NULL),(147,'5-330','BIAYA LISTRIK, PHONE & INTERNET','27','Y',NULL,'2017-03-18 04:15:36',NULL,NULL),(148,'5-330-01','Listrik PLN','147','Y',NULL,NULL,NULL,NULL),(149,'5-330-02','Listrik Generator','147','Y',NULL,NULL,NULL,NULL),(150,'5-330-03','Telephone Desk','147','Y',NULL,'2017-03-18 04:16:22',NULL,NULL),(151,'5-330-04','Pulsa Handphone','147','Y',NULL,NULL,NULL,NULL),(152,'5-330-05','Internet','147','Y',NULL,'2017-03-26 03:13:23',NULL,NULL),(153,'5-340','BIAYA PENDIDIKAN & PELATIHAN SDM','27','Y',NULL,'2017-03-26 02:53:49',NULL,NULL),(154,'5-350','BIAYA PERJALANAN DINAS','27','Y',NULL,NULL,NULL,NULL),(155,'5-350-01','Perjalanan Kegiatan Diknas','154','Y',NULL,NULL,NULL,NULL),(156,'5-350-02','Perjalanan Kegiatan Diluar Diknas','154','Y',NULL,NULL,NULL,NULL),(157,'5-360','BIAYA PEMASARAN & PROMOSI','27','Y',NULL,NULL,NULL,NULL),(158,'5-360-01','Iklan Media Cetak','157','Y',NULL,NULL,NULL,NULL),(159,'5-360-02','Iklan Media Visual/ Internet','157','Y',NULL,NULL,NULL,NULL),(160,'5-360-03','Pembuatan Pamplet, Baliho, Spanduk, Flier, Brosur & Etc','157','Y',NULL,NULL,NULL,NULL),(161,'5-360-04','Biaya Promo Lain','157','Y',NULL,NULL,NULL,NULL),(162,'5-370','BIAYA UPAKARA','27','Y',NULL,NULL,NULL,NULL),(163,'5-370-01','Pembelian Aneka Canang','162','Y',NULL,NULL,NULL,NULL),(164,'5-370-02','Pembelian Aneka Dupa','162','Y',NULL,NULL,NULL,NULL),(165,'5-370-03','Pembelian Aneka Pelengkap Upakara (Permen/Rokok/Kue/Kopi dll)','162','Y',NULL,NULL,NULL,NULL),(166,'5-370-04','Pembelian Banten Menengah (Pejati/Caru dll)','162','Y',NULL,NULL,NULL,NULL),(167,'5-370-05','Biaya Upakara Hari Saraswati','162','Y',NULL,NULL,NULL,NULL),(168,'5-370-06','Biaya Sesari atau Dana Punia','162','Y',NULL,NULL,NULL,NULL),(169,'5-370-07','Biaya Upakara Lain','162','Y',NULL,NULL,NULL,NULL),(170,'5-230-08','Pembelian Konsumsi Office','123','Y',NULL,'2017-03-18 04:51:52',NULL,NULL),(171,'5-380','BIAYA PEMELIHARAN / MAINTENANCE EQUIPMENT SEKOLAH','27','Y',NULL,'2017-03-25 22:25:01',NULL,NULL),(172,'5-380-01','Pemeliharaan Ruang/Bangunan/ Gedung','171','Y',NULL,'2017-03-19 04:53:55',NULL,NULL),(173,'5-380-02','Pemeliharaan Kolam & Equipment Pendukung Kolam','171','Y',NULL,'2017-03-25 22:27:51',NULL,NULL),(174,'5-380-03','Pemeliharaan Meja/Kursi/Rak/Almari/Etc','171','Y',NULL,NULL,NULL,NULL),(175,'5-380-04','Pemeliharaan Mekanika Electrical (Kelistrikan/AC/Kulkas/Etc)','171','Y',NULL,NULL,NULL,NULL),(176,'5-380-05','Pemeliharaan Komputerisasi, Printer & Accesories','171','Y',NULL,NULL,NULL,NULL),(177,'5-380-06','Pemeliharaan Media Musik, Audio & Visual','171','Y',NULL,NULL,NULL,NULL),(178,'5-380-07','Pemeliharaan Alat Pendukung Kegiatan Siswa','171','Y',NULL,NULL,NULL,NULL),(179,'5-380-08','Pemeliharaan Alat Transportasi/ Kendaraan','171','Y',NULL,'2017-03-25 22:50:09',NULL,NULL),(180,'5-380-10','Pemeliharaan Perlengkapan Alat Rumah Tangga','171','Y',NULL,'2017-03-25 22:58:57',NULL,NULL),(181,'5-410','BIAYA KEGIATAN EVENT SEKOLAH','27','Y',NULL,'2017-03-18 07:14:10',NULL,NULL),(182,'5-410-01','Pembelian Piala/ Medali/ Cinderamata Pendukung Event','181','Y',NULL,'2017-03-25 22:05:05',NULL,NULL),(183,'5-410-02','Pembelian Aneka Hiasan Event','181','Y',NULL,'2017-03-18 07:15:39',NULL,NULL),(184,'5-410-03','Pembelian Aneka Konsumsi Event','181','Y',NULL,'2017-03-18 07:16:08',NULL,NULL),(185,'5-410-04','Penyewaan Equipment Pendukung Event (Sound, Lampu, Genset, Tenda, Kursi & Etc)','181','Y',NULL,'2017-03-25 22:12:25',NULL,NULL),(186,'5-410-07','Biaya Pendukung Kegiatan Event Lain','181','Y',NULL,'2017-03-25 22:16:55',NULL,NULL),(187,'5-400-02','Penyewaan Tempat Kegiatan Outing','33','Y',NULL,NULL,NULL,NULL),(188,'5-400-04','Konsumsi Outing','33','Y',NULL,'2017-03-19 04:55:10',NULL,NULL),(189,'5-400-03','Tiket Kegiatan Outing','33','Y',NULL,'2017-03-19 04:55:47',NULL,NULL),(190,'5-400-05','Transportasi Outing','33','Y',NULL,NULL,NULL,NULL),(191,'5-400-06','Pendukung Outing Lain','33','Y',NULL,NULL,NULL,NULL),(192,'5-390','BIAYA PEMBINAAN KARYAWAN','27','Y',NULL,NULL,NULL,NULL),(193,'5-420','BIAYA HUMAS','27','Y',NULL,NULL,NULL,NULL),(194,'5-500','BEBAN AKTIVA TETAP','18','Y',NULL,'2017-03-18 11:26:44',NULL,NULL),(195,'5-510','PENYUSUTAN AKTIVA INVENTARIS AKADEMIK','194','Y',NULL,'2017-03-18 08:07:08',NULL,NULL),(196,'5-520','PENYUSUTAN AKTIVA INVENTARIS RUMAH TANGGA','194','Y',NULL,'2017-03-18 08:06:09',NULL,NULL),(197,'2-000','PASIVA',NULL,'Y',NULL,'2017-03-19 23:30:35',NULL,NULL),(198,'1-120-01','Bank 1','4','Y',NULL,'2017-03-19 04:13:24',NULL,NULL),(199,'1-120-02','Bank 2','4','Y',NULL,'2017-03-19 04:13:44',NULL,NULL),(200,'1-121-01','Penyetoran Bank 1','5','Y',NULL,'2017-03-20 00:18:29',NULL,NULL),(201,'1-121-02','Penyetoran Bank 2','5','Y',NULL,'2017-03-20 00:18:57',NULL,NULL),(202,'2-210-01','Kendaraan 1','60','Y',NULL,NULL,NULL,NULL),(203,'2-210-02','Kendaraan 2','60','Y',NULL,NULL,NULL,NULL),(204,'3-110-01','Modal Awal','64','Y',NULL,NULL,NULL,NULL),(205,'3-110-03','Modal Berjalan','64','Y',NULL,'2017-03-19 04:33:50',NULL,NULL),(206,'1-122','DEPOSITO BANK/ KOPERASI','2','Y',NULL,NULL,NULL,NULL),(207,'1-122-01','Deposito Bank 1','206','Y',NULL,'2017-03-20 00:28:58',NULL,NULL),(208,'1-122-03','Deposito Koperasi 1','206','Y',NULL,'2017-03-20 00:27:50',NULL,NULL),(209,'4-210','PENDAPATAN BUNGA TABUNGAN BANK','26','Y',NULL,NULL,NULL,NULL),(210,'4-210-01','Bunga Bank 1','209','Y',NULL,NULL,NULL,NULL),(211,'4-210-02','Bunga Bank 2','209','Y',NULL,NULL,NULL,NULL),(212,'3-110-02','Modal Tambahan','64','Y',NULL,NULL,NULL,NULL),(213,'5-120-05','Pembelian Alat Pendukung Rumah Tangga Lain','28','Y',NULL,NULL,NULL,NULL),(214,'5-410-05','Biaya Keamanan Event','181','Y',NULL,NULL,NULL,NULL),(215,'5-410-06','Biaya MC, Juri, Bintang Tamu & Etc','181','Y',NULL,'2017-03-25 22:13:12',NULL,NULL),(216,'5-390-01','Pakaian/ Seragam Karyawan','192','Y',NULL,'2017-03-25 22:19:38',NULL,NULL),(217,'5-390-02','Rekreasi Karyawan','192','Y',NULL,NULL,NULL,NULL),(218,'5-390-03','THR Karyawan','192','Y',NULL,NULL,NULL,NULL),(219,'5-390-04','Asuransi Karyawan','192','Y',NULL,NULL,NULL,NULL),(220,'5-390-05','Tunjangan Karyawan Lain','192','Y',NULL,NULL,NULL,NULL),(221,'5-610-01','Biaya Admin Bank 1','55','Y',NULL,NULL,NULL,NULL),(222,'5-610-02','Biaya Admin Bank 2','55','Y',NULL,NULL,NULL,NULL),(223,'5-630','Beban Pajak','29','Y',NULL,'2017-03-25 21:54:30',NULL,NULL),(224,'1-121-03','Penarikan Bank 1','5','Y',NULL,NULL,NULL,NULL),(225,'1-121-04','Penarikan Bank 2','5','Y',NULL,NULL,NULL,NULL),(226,'1-122-02','Deposito Bank 2','206','Y',NULL,NULL,NULL,NULL),(227,'1-122-04','Deposito Koperasi 2','206','Y',NULL,NULL,NULL,NULL),(228,'1-122-05','Deposito Lain','206','Y',NULL,NULL,NULL,NULL),(229,'4-220-03','Deposito Koperasi 1','85','Y',NULL,NULL,NULL,NULL),(230,'4-220-04','Deposito Koperasi 2','85','Y',NULL,NULL,NULL,NULL),(231,'4-220-05','Deposito Lain','85','Y',NULL,NULL,NULL,NULL),(232,'5-310-10','Upah Kerja Lain','132','Y',NULL,NULL,NULL,NULL),(233,'5-640','Beban Diluar Usaha Lain','29','Y',NULL,NULL,NULL,NULL),(234,'1-220-03','Pembelian Alat Komunikasi Telephone/ Handphone/ Etc','50','Y',NULL,NULL,NULL,NULL),(235,'5-380-11','Pemeliharaan Equipment Sekolah Lain','171','Y',NULL,NULL,NULL,NULL),(236,'5-380-09','Pemeliharaan Alat Komunikasi Sekolah','171','Y',NULL,NULL,NULL,NULL),(237,'5-340-01','Biaya Pendidikan Sekolah','153','Y',NULL,NULL,NULL,NULL),(238,'5-340-02','Biaya Pelatihan/ Kursus','153','Y',NULL,NULL,NULL,NULL),(239,'1-220-06','Alat Pendukung Khusus (Test Hapus Kode Akun)','50','N',NULL,'2017-05-03 11:16:05',NULL,2);

/*Table structure for table `m_modules` */

DROP TABLE IF EXISTS `m_modules`;

CREATE TABLE `m_modules` (
  `id` int(11) NOT NULL AUTO_INCREMENT,
  `parent_id` int(11) DEFAULT NULL,
  `class_name` varchar(50) COLLATE utf8_unicode_ci DEFAULT NULL,
  `description` varchar(50) COLLATE utf8_unicode_ci DEFAULT NULL,
  `caption` varchar(25) COLLATE utf8_unicode_ci NOT NULL COMMENT 'Menu caption/label',
  `icon` varchar(25) COLLATE utf8_unicode_ci NOT NULL DEFAULT 'fa-folder' COMMENT 'Menu icon class (font awesome)',
  `tree_level` tinyint(4) NOT NULL DEFAULT '0' COMMENT 'Menu tree-level (0 = root)',
  `display_order` smallint(6) DEFAULT '0',
  PRIMARY KEY (`id`),
  UNIQUE KEY `iUnique_1` (`class_name`,`caption`,`tree_level`)
) ENGINE=InnoDB AUTO_INCREMENT=30 DEFAULT CHARSET=utf8 COLLATE=utf8_unicode_ci;

/*Data for the table `m_modules` */

insert  into `m_modules`(`id`,`parent_id`,`class_name`,`description`,`caption`,`icon`,`tree_level`,`display_order`) values (1,14,'sia_students','Master data siswa','Siswa','fa-graduation-cap',1,1),(2,15,'sia_transaksi_pembayaran','Transaksi pembayaran','Pembayaran Umum','fa-usd',1,3),(3,15,'sia_transaksi_pendapatan','Transaksi pendapatan','Pendapatan Umum Sekolah','fa-usd',1,2),(4,23,'sia_transaksi_spp','Transaksi spp','Pendapatan SPP','fa-usd',2,1),(5,14,'sia_employees','Master data karyawan','Karyawan','fa-users',1,3),(6,14,'sia_main_account','Master data main account','Kode Akun','fa-sitemap',1,4),(7,13,'sia_posting_profile','Setup posting profile','Posting Profile','fa-link',1,1),(8,16,'sia_rpt_students','Laporan data siswa','Siswa','fa-file',1,1),(9,14,'sia_transaction_type','Master data tipe transaksi','Tipe Transaksi','fa-sitemap',1,5),(10,16,'sia_rpt_spp','Laporan transaksi spp','Pembayaran SPP','fa-file',1,2),(11,16,'sia_rpt_pendapatan','Laporan transaksi pendapatan','Pendapatan Umum','fa-file',1,4),(12,16,'sia_rpt_pembayaran','Laporan transaksi pembayaran','Pembayaran Umum','fa-file',1,3),(13,NULL,NULL,'Root menu - system settings','System Settings','fa-folder',0,2),(14,NULL,NULL,'Root menu - master data','Master Data','fa-folder',0,3),(15,NULL,NULL,'Root menu - transaksi','Transaksi','fa-folder',0,4),(16,NULL,NULL,'Root menu - laporan','Laporan','fa-folder',0,5),(17,NULL,'sia_dashboard','Root menu - dashboard','Dashboard','fa-dashboard',0,1),(18,13,'sia_users','Setup user aplikasi','User Aplikasi','fa-user',1,2),(19,14,'sia_edu_grade','Master data tingkat pendidikan & ruang kelas','Tingkat & Ruang Kelas','fa-bank',1,2),(20,14,'sia_salary','Master Gaji Karyawan','Gaji Karyawan','fa-folder',1,4),(21,25,'sia_trx_gaji','Transaksi Pembayaran Gaji Karyawan','Pembayaran Gaji Karyawan','fa-usd',2,1),(23,15,NULL,'Folder pendapatan siswa','Pendapatan Siswa','fa-folder',1,1),(24,23,'sia_transaksi_pendapatan_umum_siswa','Transaksi pendapatan umum siswa','Pendapatan Umum Siswa','fa-usd',2,2),(25,15,NULL,'Transaksi Pengeluaran Karyawan','Pengeluaran Karyawan','fa-folder',1,4),(26,16,'sia_rpt_employee','Laporan Master Karyawan','Karyawan','fa-file',1,5),(27,16,'sia_rpt_tunggakan_spp','Laporan Tunggakan SPP Siswa','Tunggakan SPP','fa-file',1,6),(28,16,'sia_rpt_tunggakan_uang_pangkal','Laporan Tunggakan Uang Pangkal','Tunggakan Uang Pangkal','fa-file',1,7),(29,13,'sia_student_grade_mutation','Proses kenaikan jenjang','Kenaikan Jenjang','fa-graduation-cap',1,3);

/*Table structure for table `m_religion` */

DROP TABLE IF EXISTS `m_religion`;

CREATE TABLE `m_religion` (
  `id` int(11) NOT NULL AUTO_INCREMENT,
  `name` varchar(25) COLLATE utf8_unicode_ci NOT NULL,
  PRIMARY KEY (`id`)
) ENGINE=InnoDB AUTO_INCREMENT=6 DEFAULT CHARSET=utf8 COLLATE=utf8_unicode_ci;

/*Data for the table `m_religion` */

insert  into `m_religion`(`id`,`name`) values (1,'Budha'),(2,'Hindu'),(3,'Kristen'),(4,'Katholik'),(5,'Islam');

/*Table structure for table `m_salary` */

DROP TABLE IF EXISTS `m_salary`;

CREATE TABLE `m_salary` (
  `id` int(11) NOT NULL AUTO_INCREMENT,
  `employee_id` int(11) NOT NULL,
  `gaji_pokok` decimal(20,0) DEFAULT '0',
  `tunjangan` decimal(20,0) DEFAULT '0',
  `lain_lain` decimal(20,0) DEFAULT '0',
  `total_gaji` decimal(20,0) DEFAULT '0',
  `active` char(1) COLLATE utf8_unicode_ci NOT NULL DEFAULT 'Y' COMMENT 'Y/N',
  `created_date` datetime DEFAULT NULL,
  `created_by` bigint(11) DEFAULT NULL,
  `modified_by` bigint(11) DEFAULT NULL,
  `modified_date` timestamp NULL DEFAULT NULL,
  PRIMARY KEY (`id`),
  KEY `FK_m_salary` (`employee_id`),
  CONSTRAINT `FK_m_salary` FOREIGN KEY (`employee_id`) REFERENCES `m_employee` (`id`)
) ENGINE=InnoDB AUTO_INCREMENT=11 DEFAULT CHARSET=utf8 COLLATE=utf8_unicode_ci;

/*Data for the table `m_salary` */

insert  into `m_salary`(`id`,`employee_id`,`gaji_pokok`,`tunjangan`,`lain_lain`,`total_gaji`,`active`,`created_date`,`created_by`,`modified_by`,`modified_date`) values (3,2,'550000','1000000','250000','1800000','Y','2016-10-19 16:17:47',1,1,NULL),(4,1,'500000','1000000','250000','1750000','Y','2016-10-19 16:29:22',1,NULL,NULL),(5,3,'500000','400000','500000','1400000','Y','2016-11-24 01:18:43',1,NULL,NULL),(6,5,'1','1','1','3','Y','2017-05-02 03:42:04',3,1,NULL),(7,6,'2000000','500000','1','2500001','Y','2017-05-02 22:53:17',2,NULL,NULL),(8,7,'4000000','1','1','4000002','Y','2017-05-02 22:54:39',2,2,NULL),(9,8,'5000000','500000','10000','5510000','Y','2017-07-23 00:10:43',2,4,NULL),(10,9,NULL,NULL,NULL,'0','Y','2017-07-24 09:48:03',2,NULL,NULL);

/*Table structure for table `m_sequence` */

DROP TABLE IF EXISTS `m_sequence`;

CREATE TABLE `m_sequence` (
  `id` int(11) NOT NULL AUTO_INCREMENT,
  `seq_name` varchar(50) COLLATE utf8_unicode_ci NOT NULL,
  `seq_remark` varchar(100) COLLATE utf8_unicode_ci NOT NULL,
  `seq_value` int(11) NOT NULL DEFAULT '0' COMMENT 'Last generated sequence',
  PRIMARY KEY (`id`),
  UNIQUE KEY `iUnique` (`seq_name`,`seq_remark`)
) ENGINE=InnoDB AUTO_INCREMENT=22 DEFAULT CHARSET=utf8 COLLATE=utf8_unicode_ci;

/*Data for the table `m_sequence` */

insert  into `m_sequence`(`id`,`seq_name`,`seq_remark`,`seq_value`) values (1,'NIS-2016-07','Sequence NIS tahun 2016 bulan 07',1),(2,'TRX-2016-08','Sequence TRX tahun 2016 bulan 08',97),(3,'NIS-2016-08','Sequence NIS tahun 2016 bulan 08',1),(4,'TRX-D-2016-08','Sequence TRX tahun 2016 bulan 08',1),(5,'TRX-D-2016-08','Sequence TRX Pendapatan tahun 2016 bulan 08',13),(6,'TRX-SPP-2016-08','Sequence TRX SPP tahun 2016 bulan 08',13),(7,'TRX-C-2016-08','Sequence TRX Pembayaran tahun 2016 bulan 08',15),(8,'TRX-D-2016-09','Sequence TRX Pendapatan tahun 2016 bulan 09',3),(9,'TRX-C-2016-09','Sequence TRX Pembayaran tahun 2016 bulan 09',10),(10,'TRX-SPP-2016-09','Sequence TRX SPP tahun 2016 bulan 09',29),(11,'TRX-SPP-2016-10','Sequence TRX SPP tahun 2016 bulan 10',18),(12,'TRX-D-2016-10','Sequence TRX SPP tahun 2016 bulan 10',31),(13,'TRX-C-2016-11','Sequence TRX Pembayaran tahun 2016 bulan 11',7),(14,'TRX-C-2017-02','Sequence TRX Pembayaran tahun 2017 bulan 02',2),(15,'TRX-D-2017-03','Sequence TRX Pendapatan tahun 2017 bulan 03',1),(16,'NIS-2017-04','Sequence NIS tahun 2017 bulan 04',1),(17,'NIS-2017-05','Sequence NIS tahun 2017 bulan 05',4),(18,'TRX-D-2017-07','Sequence TRX Pendapatan tahun 2017 bulan 07',1),(19,'TRX-C-2017-07','Sequence TRX Pembayaran tahun 2017 bulan 07',1),(20,'TRX-SPP-2017-07','Sequence TRX SPP tahun 2017 bulan 07',1),(21,'TRX-D-2017-07','Sequence TRX SPP tahun 2017 bulan 07',4);

/*Table structure for table `m_student` */

DROP TABLE IF EXISTS `m_student`;

CREATE TABLE `m_student` (
  `id` int(11) NOT NULL AUTO_INCREMENT,
  `nis` varchar(25) COLLATE utf8_unicode_ci NOT NULL COMMENT 'Nomor Induk Siswa',
  `name` varchar(50) COLLATE utf8_unicode_ci NOT NULL,
  `nickname` varchar(25) COLLATE utf8_unicode_ci NOT NULL,
  `gender` char(1) COLLATE utf8_unicode_ci NOT NULL DEFAULT 'L' COMMENT 'L/P',
  `birth_place` varchar(25) COLLATE utf8_unicode_ci NOT NULL,
  `birth_date` date NOT NULL,
  `religion_id` int(11) NOT NULL,
  `classroom_id` int(11) NOT NULL COMMENT 'FK m_edu_classroom',
  `nationality` varchar(25) COLLATE utf8_unicode_ci NOT NULL,
  `address` varchar(100) COLLATE utf8_unicode_ci NOT NULL,
  `phone_number` varchar(15) COLLATE utf8_unicode_ci DEFAULT NULL,
  `weight` smallint(6) NOT NULL COMMENT 'Berat badan',
  `height` smallint(6) NOT NULL COMMENT 'Tinggi badan',
  `blood_type` varchar(5) COLLATE utf8_unicode_ci NOT NULL COMMENT 'Golongan darah',
  `illness_history` varchar(255) COLLATE utf8_unicode_ci DEFAULT NULL COMMENT 'Penyakit yang pernah diderita',
  `nth_child` tinyint(4) DEFAULT '1' COMMENT 'Anak nomor keberapa',
  `n_siblings` tinyint(4) DEFAULT '0' COMMENT 'Jumlah saudara kandung',
  `n_step_siblings` tinyint(4) DEFAULT '0' COMMENT 'Jumlah saudara tiri',
  `n_foster_siblings` tinyint(4) DEFAULT '0' COMMENT 'Jumlah saudara angkat',
  `daily_language` varchar(25) COLLATE utf8_unicode_ci DEFAULT NULL COMMENT 'Bahasa sehari-hari',
  `stayed_at` varchar(25) COLLATE utf8_unicode_ci DEFAULT NULL COMMENT 'Bertempat tinggal pada?',
  `father_name` varchar(50) COLLATE utf8_unicode_ci NOT NULL,
  `mother_name` varchar(50) COLLATE utf8_unicode_ci NOT NULL,
  `father_last_education` varchar(25) COLLATE utf8_unicode_ci NOT NULL,
  `mother_last_education` varchar(25) COLLATE utf8_unicode_ci NOT NULL,
  `parent_ocupation` varchar(25) COLLATE utf8_unicode_ci NOT NULL,
  `guardian_name` varchar(50) COLLATE utf8_unicode_ci DEFAULT NULL COMMENT 'Nama wali siswa',
  `guardian_last_education` varchar(25) COLLATE utf8_unicode_ci DEFAULT NULL,
  `guardian_relationship` varchar(25) COLLATE utf8_unicode_ci DEFAULT NULL COMMENT 'Hubungan wali thd siswa',
  `guardian_ocupation` varchar(25) COLLATE utf8_unicode_ci DEFAULT NULL COMMENT 'Pekerjaan wali siswa',
  `entered_school_as` varchar(25) COLLATE utf8_unicode_ci NOT NULL,
  `student_origin` varchar(25) COLLATE utf8_unicode_ci NOT NULL,
  `play_group_name` varchar(25) COLLATE utf8_unicode_ci DEFAULT NULL,
  `play_group_location` varchar(25) COLLATE utf8_unicode_ci DEFAULT NULL,
  `tahun_dan_nomor_sttb` varchar(25) COLLATE utf8_unicode_ci DEFAULT NULL,
  `years_of_learning` tinyint(4) DEFAULT NULL COMMENT 'Lama belajar',
  `origin_school_name` varchar(25) COLLATE utf8_unicode_ci DEFAULT NULL COMMENT 'Nama sekolah asal',
  `transfer_date` date DEFAULT NULL COMMENT 'Tanggal pindah dari sekolah asal',
  `transfer_from_grade` varchar(15) COLLATE utf8_unicode_ci DEFAULT NULL COMMENT 'Pindah dari tingkat',
  `accepted_date` date DEFAULT NULL COMMENT 'Tanggal diterima',
  `accepted_grade` varchar(15) COLLATE utf8_unicode_ci DEFAULT NULL COMMENT 'Diterima di tingkat',
  `created_date` datetime DEFAULT NULL,
  `modified_date` timestamp NULL DEFAULT NULL ON UPDATE CURRENT_TIMESTAMP,
  `created_by` int(11) DEFAULT NULL,
  `modified_by` int(11) DEFAULT NULL,
  `active` char(1) COLLATE utf8_unicode_ci NOT NULL DEFAULT 'Y' COMMENT 'Y/N',
  PRIMARY KEY (`id`),
  KEY `FK_m_student` (`religion_id`),
  KEY `FK_m_student_01` (`classroom_id`),
  CONSTRAINT `FK_m_student` FOREIGN KEY (`religion_id`) REFERENCES `m_religion` (`id`) ON DELETE NO ACTION ON UPDATE NO ACTION,
  CONSTRAINT `FK_m_student_01` FOREIGN KEY (`classroom_id`) REFERENCES `m_edu_classroom` (`id`) ON DELETE NO ACTION ON UPDATE NO ACTION
) ENGINE=InnoDB AUTO_INCREMENT=299 DEFAULT CHARSET=utf8 COLLATE=utf8_unicode_ci;

/*Data for the table `m_student` */

insert  into `m_student`(`id`,`nis`,`name`,`nickname`,`gender`,`birth_place`,`birth_date`,`religion_id`,`classroom_id`,`nationality`,`address`,`phone_number`,`weight`,`height`,`blood_type`,`illness_history`,`nth_child`,`n_siblings`,`n_step_siblings`,`n_foster_siblings`,`daily_language`,`stayed_at`,`father_name`,`mother_name`,`father_last_education`,`mother_last_education`,`parent_ocupation`,`guardian_name`,`guardian_last_education`,`guardian_relationship`,`guardian_ocupation`,`entered_school_as`,`student_origin`,`play_group_name`,`play_group_location`,`tahun_dan_nomor_sttb`,`years_of_learning`,`origin_school_name`,`transfer_date`,`transfer_from_grade`,`accepted_date`,`accepted_grade`,`created_date`,`modified_date`,`created_by`,`modified_by`,`active`) values (1,'Sample xxx-2016-0001','Adam','Adam 1','L','Denpasar','2011-01-01',2,10,'Indonesia','Denpasar','0361232356',40,150,'','',1,0,0,0,'','Orang Tua','Test ortu','tes ortu ibu','','','-','','','','-','','','','','',0,'','2016-08-11','','2016-09-07','',NULL,'2017-07-06 22:53:06',NULL,1,'N'),(2,'Sample xxx-2016-0002','Hawa','Hawa','P','Denpasar','2011-02-10',1,1,'Indonesia','Denpasar','0361221234',0,0,'','',1,0,0,0,'','-','John','Jihn','','','-','','','','-','','','','','',0,'','0000-00-00','','2016-09-07','',NULL,'2017-07-06 22:53:15',NULL,1,'N'),(3,'PG-2016-0003','I Gusti Agung Ramadeva Wicaksana','Turah','L','','0000-00-00',1,1,'','','',15,90,'','',0,0,0,0,'','Asrama','','','','','ABRI','','','','ABRI','','','','','',0,'','0000-00-00','','2016-09-07','',NULL,'2016-10-05 11:34:36',NULL,NULL,'N'),(4,'PG-2016-0004','Eka Darmawan','Eka','L','Tabanan','1985-01-01',2,1,'Indonesia','Abian tuwung tabanan','',80,175,'O','',1,2,0,0,'Bali','Orang Tua','Bapak Eka','Ibu Eka','S1','S1','Pegawai Swasta','','','','ABRI','','','','','',0,'','0000-00-00','','2016-09-07','',NULL,'2017-05-01 11:32:19',NULL,3,'N'),(5,'S2016-08-0001','Tes','','L','Tabanan','2011-01-05',1,3,'','Tabanan','',0,0,'','',0,0,0,0,'','Orang Tua','Test ortu','tes ortu ibu','','','ABRI','','','','Nelayan','','','','','',0,'','0000-00-00','','2016-09-07','',NULL,'2017-05-01 11:32:21',NULL,3,'N'),(9,'S2017-05-0003','Tes Rama','Rama','L','Tabanan','2013-02-06',2,4,'','Tabanan','',0,0,'','',0,0,0,0,'','Orang Tua','Tests','Tests','','','-','','','','-','','','','','',0,'','0000-00-00','','2017-05-02','','2017-05-02 01:37:00','2017-05-02 13:37:06',1,1,'N'),(10,'SD21910-2017','Nengah Edward','Edward','L','Karangasem','2006-03-02',2,8,'Imdonesia','Jl. Kenyeri 21, Denpasar Bali','081222876543',40,120,'AB','',2,1,0,0,'Indonesia, Jerman','Orang Tua','Nyoman Dokter','Angelina Jolie','SMP','S2','Wiraswasta','','','','-','','','','','',0,'SD Negeri 3 Kubu Karangas','2016-12-29','5','2017-01-09','5','2017-05-02 10:36:34','2017-05-03 18:56:53',3,3,'N'),(11,'PG-2016-0002','test','','L','Gianyar','2017-05-02',1,8,'','Gianyar','',0,0,'','',0,0,0,0,'','-','bapak','ibu','','','-','','','','-','','','','','',0,'','0000-00-00','','2017-05-02','','2017-05-02 11:12:06','2017-09-27 16:31:54',1,1,'N'),(12,'S201003041','A.A Gde Agung Surya Bayu (coba 3 Mei 2017)','Gung Jamrud','L','Ginanjar','1971-07-22',2,8,'INA','Jalan Raya Gianyar ','583170553151',150,198,'A, ka','mala rindu',1,2,0,0,'Bali alien','Orang Tua','A.A Gde Jamrud ','A.A Ayu Puspaweda','s1','s1','PNS','br','br','br','Nelayan','','','','SBCDG','',0,'','0000-00-00','','2017-05-03','','2017-05-02 22:43:46','2017-09-27 16:31:54',2,3,'N'),(13,'S201003042','Yusma Samskara Ganakin (coba 3 mei 2017)','Gung Jorda','L','gianyar','1964-03-06',1,13,'INA','Jalan Raya Gianyar ','583170553151',34,198,'a','mala rindu',1,2,0,0,'Bali alien','Asrama','a','b','1','2','ABRI','','','','-','','','','','',0,'','0000-00-00','','2017-05-03','','2017-05-02 22:46:09','2017-05-03 12:31:16',2,3,'N'),(14,'hhwhet','lakar dihapus','hethet','L','heth','1970-01-06',2,8,'INA','Jalan Raya Gianyar ','',150,198,'A, ka','mala rindu',1,2,0,0,'Bali alien','-','w','w','','','-','','','','-','','','','','',0,'','0000-00-00','','2017-05-03','','2017-05-02 22:50:05','2017-05-03 10:50:25',2,2,'N'),(15,'0095810081','Elysia Carrisa Adelia Putri','Elis','P','Denpasar','2009-02-20',3,9,'Indonesia','Jl. Gatsu VI Perum Graha Gatsu Mulia B12','081916430888',0,0,'','',1,0,0,0,'Indonesia','Orang Tua','Budi Oktavianes','Henny Sedhana','','','Wiraswasta','','','Anak Kandung','-','Siswa Baru','','TK Insan Prestasi','Denpasar','2015',0,'','0000-00-00','','2015-07-13','','2017-06-13 22:11:26',NULL,3,NULL,'Y'),(16,'0096516189','I Made Gede Athaya Daniswara','Dedek','L','Denpasar','2008-05-18',2,9,'Indonesia','Jl. Cekomaria Graha Banteng Lestari III Blok 1/3','081238314014',0,0,'','',2,0,0,0,'Indonesia','Orang Tua','I Gede Rai Artika','Ni Nyoman Ciptawati','','','Pegawai Swasta','','','Anak Kandung','-','siswa baru','','TK Insan Prestasi','','2015',0,'','0000-00-00','','2015-07-13','','2017-06-13 22:29:59',NULL,3,NULL,'Y'),(17,'0092849257','I Gusti Ayu Kanaya Yulia Permatasari','Gek Naya','P','Singaraja','2009-01-01',2,9,'Indonesia','Jl. Gatsu I Perum Taman Wira Gatsu Blok 1/4','081999929779',0,0,'','',1,0,0,0,'Indonesia','Orang Tua','I G Kt Adi Yustika A.','Nyoman Lia Indra D.','','','Wiraswasta','','','Anak Kandung','-','siswa baru','','TK Insan Prestasi','','2015',0,'','0000-00-00','','2015-07-13','','2017-06-13 22:37:30',NULL,3,NULL,'Y'),(18,'0072992309','A. A. Istri Agung Luna Maharani Kepakisan','Gung Luna','P','Denpasar','2007-11-28',2,14,'Indonesia','Jl. Trengguli No. 16 Denpasar','081337280768',0,0,'','',3,0,0,0,'Indonesia','Orang Tua','A. A. Gde Raka Yuda','A. A. Vera Laksmi Dewi','','','PNS','','','','-','Siswa Baru','','TK Insan Prestasi','','',0,'','0000-00-00','','2014-07-14','','2017-06-13 22:46:01',NULL,3,NULL,'Y'),(19,'0085999489','Dewa Gede Oka Kawikana','Dewa De Oka','L','Denpasar','2008-06-01',2,14,'Indonesia','Jl. Tegal Dukuh','08174757549',0,0,'','',1,0,0,0,'Indonesia','Orang Tua','Dewa Gede Adi Satra','Kadek Dwi Trainingsih','','','Pegawai Swasta','','','','-','Siswa Baru','','TK Insan Prestasi','','',0,'','0000-00-00','','2014-07-14','','2017-06-13 22:52:14',NULL,3,NULL,'Y'),(20,'0085732706','Ketut Tricia Gea Pertiwi','Tricia','P','Denpasar','2008-08-10',2,9,'Indonesia','Jl. Ratna Gg Baladewa No 3 Denpasar','081236764888',0,0,'','',3,0,0,0,'Indonesia','Orang Tua','Putu Gd Widyantara','Kadek Erawati','','','Wiraswasta','','','Anak Kandung','-','siswa baru','','TK Insan Prestasi','Denpasar','2015',0,'','0000-00-00','','2015-07-13','','2017-06-13 22:54:09',NULL,3,NULL,'Y'),(21,'0072351716','Dewa Made Ananta Kinandana','Dewa Made','L','Denpasar','2007-12-15',1,14,'Indonesia','Jl. Menuri','081337335454',0,0,'','',2,0,0,0,'Indonesia','Orang Tua','Dewa Agus Yuda Ariawan','Ni Wayan Dewi Adiyani','','','Pegawai Swasta','','','Anank Kandung','-','Siswa Baru','','TK Insan Prestasi','','',0,'','0000-00-00','','2014-07-14','','2017-06-13 22:57:02',NULL,3,NULL,'Y'),(22,'0089881985','Ida Ayu Kade Ari Kumala Dewi','Dayu Ari','P','Denpasar','2008-10-05',2,9,'Indonesia','Jl. Noja Perum Noja Indah Blok C No 7','085857541274',0,0,'','',2,0,0,0,'Indonesia','Orang Tua','I B Dody Prama','I A Nym Maindradewi','','','Pegawai Swasta','','','Anak Kandung','-','siswa baru','','TK Insan Prestasi','Denpasar','2015',0,'','0000-00-00','','2015-07-13','','2017-06-13 23:00:46','2017-06-14 16:08:39',3,3,'Y'),(23,'0081482028','Gede Indu Dhananjaya','Indu','L','Denpasar','2008-01-28',2,14,'Indonesia','Jl. Jala Suci No. 2 Dps','08133827272',0,0,'','',1,0,0,0,'Indonesia','Orang Tua','Agus Sudana','Ni Made Putri Suryati','','','Pegawai Swasta','','','','-','Siswa Baru','','TK Insan Prestasi','','',0,'','0000-00-00','','2014-07-14','','2017-06-13 23:02:41',NULL,3,NULL,'Y'),(24,'0073585228','Gek Hary Lalita Devi','Lalita','P','Denpasar','2007-11-15',2,14,'Indonesia','Jl. Sedap Malam, Gang Margot, Resident Margot No.B','08538827272',0,0,'','',2,0,0,0,'Indonesia','Orang Tua','Putu Partama Yaswata','Kadek Mariani','','','Pegawai Swasta','','','Anak Kandung','-','Siswa Baru','','TK Insan Prestasi','','',0,'','0000-00-00','','2014-07-14','','2017-06-13 23:09:56',NULL,3,NULL,'Y'),(25,'0097653254','I G A Diah Sri Ambarwati K','Gek Diah','L','Denpasar','2009-06-07',2,9,'Indonesia','Perum Blumbungan Amerta sari','087761225757',0,0,'','',1,0,0,0,'Indonesia','Orang Tua','I G A Agus Dwi Prama A','Kadek Novio Armoni','','','Pegawai Swasta','','','Anak Kandung','-','siswa baru','','TK Insan Prestasi','Denpasar','2015',0,'','0000-00-00','','2015-07-13','','2017-06-13 23:11:27',NULL,3,NULL,'Y'),(26,'0085226293','Gde Agung Samara Mas','','L','Denpasar','2008-08-23',2,14,'Indonesia','Jl. Sandat V, Gg I No 7 Dps','0817793472',0,0,'','',1,0,0,0,'Indonesia','Orang Tua','Gede Mas Swastika','Nyoman Riniasih','','','Pegawai Swasta','','','Anak Kandung','-','Siswa Baru','','TK Insan Prestasi','','',0,'','0000-00-00','','2014-07-14','','2017-06-13 23:16:03',NULL,3,NULL,'Y'),(27,'0089738800','I Gusti Ayu Adya Meisha','Gung Meisha','P','Denpasar','2008-05-06',2,14,'Indonesia','Jl. Nangka Selatan Gg XI No. 6','03617955593',0,0,'','',2,0,0,0,'Indonesia','Orang Tua','i Gusti Ngurah Suarjana','I Gusti Agung Ari Kusuma Dewi','','','Pegawai Swasta','','','Anak Kandung','-','Siswa Baru','','TK Insan Prestasi','','',0,'','0000-00-00','','2014-07-14','','2017-06-13 23:22:04',NULL,3,NULL,'Y'),(28,'0088424148','I Gusti Ayu Ista Intan Maheswari','Ista','P','Denpasar','2008-01-06',2,14,'Indonesia','Jl. Pemogan Raya, Perum Prima Graha V/ No 5 Dps','03618473056',0,0,'','',1,0,0,0,'Indonesia','Orang Tua','I Gusti Ngurah Putra Dharma','AA Mayun Wirastiti','','','Pegawai Swasta','','','Anak Kandung','-','Siswa Baru','','TK Insan Prestasi','','',0,'','0000-00-00','','2014-07-14','','2017-06-13 23:28:20',NULL,3,NULL,'Y'),(29,'0092915972','I Dw Ayu Maharani Budi Satya Ning Tyas','Rani','P','Denpasar','2009-04-25',2,9,'Indonesia','Jl. Anyelir Gg Sita No 1A Denpasar','081338509387',0,0,'','',2,0,0,0,'Indonesia','Orang Tua','I Dw Gd Ngurah Tiaksa','I GA Mirah Saraswati P','','','Wiraswasta','','','Anak kandung','-','siswa baru','','TK Insan Prestasi','Denpasar','2015',0,'','0000-00-00','','2015-07-13','','2017-06-13 23:29:00',NULL,3,NULL,'Y'),(30,'0088178905','I Gusti Bagus Danandheva Nararya','Nara','L','Denpasar','2008-01-11',2,14,'Indonesia','Jl. Batur Sari 1/12 Kebo Iwa Selatan PDS','08573740800',0,0,'','',1,0,0,0,'Indonesia','Orang Tua','I Gst Pt Sumerta Dana','I Gst A. A. Eka Damayanti','','','Pegawai Swasta','','','Anak Kandung','-','Siswa Baru','','TK Insan Prestasi','','',0,'','0000-00-00','','2014-07-14','','2017-06-13 23:36:02',NULL,3,NULL,'Y'),(31,'0073280487','I Gusti Bagas Adipati Rahmana','Bagas','L','Denpasar','2007-11-09',2,14,'Indonesia','Jl Sari Gading No 8a','03617439161',0,0,'','',1,0,0,0,'Indonesia','Orang Tua','I Gst Ngr Dwidirahmana','Wenny Reyna Lukitasari','','','Wiraswasta','','','Anan Kandung','-','Siswa Baru','','TK Insan Prestasi','','',0,'','0000-00-00','','2014-07-14','','2017-06-13 23:48:08',NULL,3,NULL,'Y'),(32,'0096941137','Kartika Jaya Dewindari','Tika','P','Denpasar','2009-04-06',2,9,'Indonesia','Jl. Tunggul Ametung IV/7','081237067897',0,0,'','',1,0,0,0,'Indonesia','-','I Gede Sidhiyasa, S.T','Luh Nyoman Anggreni','','','Wiraswasta','','','Anak kandung','-','siswa baru','','TK Insan Prestasi','Denpasar','2015',0,'','0000-00-00','','2015-07-13','','2017-06-13 23:50:23',NULL,3,NULL,'Y'),(33,'0083749973','Ida Bagus Putra Nayaka Baswara','Naka','L','Denpasar','2008-04-07',2,14,'Indonesia','Desa Buruan, Blahbatuh, Gianyar','082144907558',0,0,'','',1,0,0,0,'Indonesia','-','IB Bagus Putra Dyayi','I.A. LstyaDewi','','','PNS','','','Anak kandung','-','Siswa Baru','','TK Insan Prestasi','','',0,'','0000-00-00','','2014-07-14','','2017-06-13 23:55:02',NULL,3,NULL,'Y'),(34,'0093002752','Made Kennan Nathan Saputra','Kennan','L','Denpasar','2009-05-09',2,9,'Indonesia','Jl Subak Dalem 1 No 7','08123690006',0,0,'','',2,0,0,0,'Indonesia','Orang Tua','I Made Dwi Sujana putra','Yanu Retno Radini','','','Pegawai Swasta','','','Anak kandung','-','siswa baru','','TK Insan Prestasi','Denpasar','2015',0,'','0000-00-00','','2015-07-13','','2017-06-13 23:58:04',NULL,3,NULL,'Y'),(35,'0078450870','Khrisna Keysia Narayanam','Khrisna','L','Denpasar','2007-10-27',2,14,'Indonesia','Perum Sekar Tunjung IV No 21 S Gatsu Timur','',0,0,'','',3,0,0,0,'Indonesia','Orang Tua','i made Soka Gwinastra','Ni Ketut Budiasih','','','Wiraswasta','','','','-','Siswa Baru','','TK Insan Prestasi','','',0,'','0000-00-00','','2014-07-14','','2017-06-14 00:03:52',NULL,3,NULL,'Y'),(36,'0085009154','I Made Febry Mahesa Putra','Febry','L','Denpasar','2009-02-10',2,9,'Indonesia','Perum Taman Pak Oles Blok A2','081337361935',0,0,'','',2,0,0,0,'Indonesia','Orang Tua','I Made Sukartina','Putu Onnik Saraswati','','','Pegawai Swasta','','','Anak kandung','-','siswa baru','','TK Insan Prestasi','Denpasar','2015',0,'','0000-00-00','','2015-07-13','','2017-06-14 00:05:12',NULL,3,NULL,'Y'),(37,'0086933358','Ni Made Pida Thariani','','P','Denpasar','2008-06-27',2,14,'Indonesia','Jl. Cekomaria Gg Padi No. 10 Peguyangan Kangin','08123618877',0,0,'','',2,0,0,0,'','Orang Tua','I Nyoman Pujiartha','Ni Kadek Dian Apriani','','','Pegawai Swasta','','','Anak Kandung','-','Siswa Baru','','TK Insan Prestasi','','',0,'','0000-00-00','','2014-07-14','','2017-06-14 00:09:29',NULL,3,NULL,'Y'),(38,'0084301469','Ida I Dewa Agung Ganendra Semara','Gung Endra','L','Denpasar','2008-10-28',2,9,'Indonesia','Jl Siulan Gg Sekar Sari No 3','0818343530',0,0,'','',2,0,0,0,'Indonesia','Orang Tua','I Dewa Gede Wedha S','Ni Putu Wiwik Juliantari','','','Pegawai Swasta','','','Anak kandung','-','siswa baru','','TK Insan Prestasi','Denpasar','2015',0,'','0000-00-00','','2015-07-13','','2017-06-14 00:10:46',NULL,3,NULL,'Y'),(39,'0078545999','Ni Made Vira Pramitaswari','','P','Denpasar','2007-09-01',2,14,'','Br Agung Mambal Kelodan,Abiansemal, Badung','085333933931',0,0,'','',2,0,0,0,'Indonesia','-','I Made Gunarsa','A. A. Sagung Ratna Swari Putra','','','Pegawai Swasta','','','','-','Siswa Baru','','TK Insan Prestasi','','',0,'','0000-00-00','','2014-07-14','','2017-06-14 00:18:11',NULL,3,NULL,'Y'),(40,'0097044357','Ni Made Sifa Sani Andini','Sifa','P','Denpasar','2009-01-23',2,9,'Indonesia','Jl Irawan Gg II no 16 Ubung kaja','081999413800',0,0,'','',2,0,0,0,'Indonesia','Orang Tua','I Nym Mertayasa','Ni Made Endra Armini','','','Wiraswasta','','','Anak kandung','-','','','','','',0,'','0000-00-00','','2015-07-13','','2017-06-14 00:19:25',NULL,3,NULL,'Y'),(41,'0094212385','Evan Aditya Darmawan','Evan','L','Denpasar','2009-01-16',1,9,'Indonesia','Jl Cekomaria 17 A Denpasar','08123654216',0,0,'','',1,0,0,0,'Indonesia','Orang Tua','Handy Putra Darmawan','Ferawati','','','Wiraswasta','','','Anak kandung','-','siswa baru','','TK Insan Prestasi','Denpasar','2015',0,'','0000-00-00','','2015-07-13','','2017-06-14 00:23:52',NULL,3,NULL,'Y'),(42,'0086304039','Ni Putu Keysia Arvillia Putri','Keysia','P','Denpasar','2008-07-27',2,14,'Indonesia','Jl. Subak Dalem Gg XVIII/ No 6','081999927145',0,0,'','',0,0,0,0,'Indonesia','Orang Tua','I Made Arnata','Ni Nyoman Sri Yuliani','','','Pegawai Swasta','','','','-','Siswa Baru','','TK Insan Prestasi','','',0,'','0000-00-00','','2014-07-14','','2017-06-14 00:26:23',NULL,3,NULL,'Y'),(43,'0085299981','Putu Gendis Ayuri Wikanta','Gendis','P','Denpasar','2008-03-08',2,9,'Indonesia','Jl Tukad Banyusari No 15','08113805002',0,0,'','',1,0,0,0,'Indonesia','Orang Tua','I Md Gd Ary Widianta','Ayu Sudiwedani','','','Wiraswasta','','','Anak kandung','-','siswa baru','','TK Insan Prestasi','Denpasar','2015',0,'','0000-00-00','','2015-07-13','','2017-06-14 00:31:17',NULL,3,NULL,'Y'),(44,'0086834281','Ni Putu Pradnya Nova Indira','Pradnya','P','Denpasar','2008-11-28',2,14,'Indonesia','Jl. Nagasari No 5 Denpasar','0361461504',0,0,'','',1,0,0,0,'Indonesia','Orang Tua','Kdk Agus Meindra Kusuma','Ni Luh Putu Putniawati','','','Pegawai Swasta','','','','-','Siswa Baru','','TK Insan Prestasi','','',0,'','0000-00-00','','2014-07-14','','2017-06-14 00:33:40',NULL,3,NULL,'Y'),(45,'0086717788','Mulham Mulya Mushthag','Mulham','L','Denpasar','2008-10-21',5,9,'Indonesia','Jl Jepun Pipil Gg Iv/7 Tohpati','081236337772',0,0,'','',1,0,0,0,'Indonesia','Orang Tua','Muhamed Mushthag','Ni Nyoman Muliani','','','Wiraswasta','','','Anak kandung','-','siswa baru','','TK Insan Prestasi','Denpasar','2015',0,'','0000-00-00','','2015-07-13','','2017-06-14 00:36:49',NULL,3,NULL,'Y'),(46,'0078809486','Putu Gede Arya Sudarma Putra','Tu De','L','Denpasar','2007-10-15',2,14,'Indonesia','Jl. Ratna No 96 Denpasar','085738777342',0,0,'','',1,0,0,0,'Indonesia','Orang Tua','I Made Oka Wibawa','Ni Luh Putu Santika Dewi','','','Pegawai Swasta','','','Anak Kandung','-','Siswa Baru','','TK Insan Prestasi','','',0,'','0000-00-00','','2014-07-14','','2017-06-14 00:40:13',NULL,3,NULL,'Y'),(47,'0095925343','Anak Agung Ngurah Panji Raditya','Raditya','L','Singaraja','2009-07-20',2,9,'Indonesia','Taman Krisna Permai No 35','087860883323',0,0,'','',1,0,0,0,'Indonesia','Orang Tua','A A Ngr Teguh Ari Y','Made Reza Anggraeni','','','Pegawai Swasta','','','Anak kandung','-','siswa baru','','TK Insan Prestasi','Denpasar','2015',0,'','0000-00-00','','2015-07-13','','2017-06-14 00:42:11',NULL,3,NULL,'Y'),(48,'0084663949','Putu Gde Bagus Harimbawa Suputra','D`Gus','L','Denpasar','2008-09-09',2,14,'Indonesia','Jl Pidada XIII/ No. 10 Ubung','0361413918',0,0,'','',1,0,0,0,'Indonesia','Orang Tua','I Ketut Ariawan','IA Ayu Komang Widiastini','','','Wiraswasta','','','','-','Siswa Baru','','TK Insan Prestasi','','',0,'','0000-00-00','','2014-07-14','','2017-06-14 00:46:30',NULL,3,NULL,'Y'),(49,'0084367309','Putu Jesslyn Evadne','Jesslyn','P','Denpasar','2008-07-12',2,14,'Indonesia','Jl. Katrangan 41','08781391690',0,0,'','',1,0,0,0,'Indonesia','Orang Tua','Putu Sukra Riawan','Yati Kumala Dewi','','','Wiraswasta','','','','-','Siswa Baru','','TK Insan Prestasi','','',0,'','0000-00-00','','2014-07-14','','2017-06-14 00:52:44',NULL,3,NULL,'Y'),(50,'0096188808','I Komang Satya Wijaya Putra','Satya','L','Denpasar','2009-08-08',2,9,'Indonesia','Jl Ratna Gg XII No 5','081236127889',0,0,'','',3,0,0,0,'Indonesia','Orang Tua','I Made Deni Wijaya, SE','Ni Kt Hevy Yushantini','','','PNS','','','anak kandung','-','siswa baru','','TK Insan Prestasi','Denpasar','2015',0,'','0000-00-00','','2015-07-13','','2017-06-14 00:55:09',NULL,3,NULL,'Y'),(51,'0073994470','I Gusti Bagus Revananda Abhiyuda','Gung Gus','L','Denpasar','2007-11-06',2,14,'Indonesia','Jl Tunggul Ametung IX/5','08123835101',0,0,'','',2,0,0,0,'Indonesia','Orang Tua','I Gusti Bagus Karang Harryartha','Ni Wayan Wahyuni','','','Pegawai Swasta','','','','-','Siswa Baru','','TK Insan Prestasi','','',0,'','0000-00-00','','2014-07-14','','2017-06-14 01:00:17',NULL,3,NULL,'Y'),(52,'0082748874','I Gusti Agung Ayu Mahestri Harrypana','Tugek','P','Denpasar','2008-01-09',2,14,'Indonesia','Jl. Noja Gang XXI No 3 Denpasar','08123762306',0,0,'','',1,0,0,0,'Indonesia','Orang Tua','dr. Ign Gd Harrypana','A.A. Ayu Mahayuni','','','PNS','','','Anak Kandung','-','Siswa Baru','','TK Insan Prestasi','','',0,'','0000-00-00','','2014-07-14','','2017-06-14 01:06:55',NULL,3,NULL,'Y'),(53,'0096105218','A A Gede Bagus Wikananta Abidarma S','Gung Abi','L','Denpasar','2009-07-01',2,9,'Indonesia','Jl Seroja perum Nuansa Seroja No 20','0812384895',0,0,'','',3,0,0,0,'Indonesia','Orang Tua','Anak Agung Gede Raka Hartawan','I G A A Paramaningsing','','','Wiraswasta','','','Anak akndung','-','siswa baru','','TK Insan Presatasi','Denpasar','2015',0,'','0000-00-00','','2015-07-13','','2017-06-14 01:11:34',NULL,3,NULL,'Y'),(54,'0088053980','Ni Putu Cinta Ardelia Putri','Cinta','P','Tanggerang','2008-06-06',2,14,'Indonesia','Jl Kemuda III No. 1 Br Tegeh Kuri','081932332283',0,0,'','',1,0,0,0,'Indonesia','Orang Tua','I Gede Arya Dharma P','Diliana Tri Oktavia','','','Pegawai Swasta','','','','-','Siswa Baru','','TK Insan Prestasi','','',0,'','0000-00-00','','2014-07-14','','2017-06-14 01:12:23',NULL,3,NULL,'Y'),(55,'0095905088','Gabriella Aretha John Claritza','Gabby','P','Surabaya','2009-06-18',3,9,'Indonesia','Jl. Tunggul Ametung II/10','0361425008',0,0,'','',3,0,0,0,'Indonesia','Orang Tua','Johny ','Novalita','','','Wiraswasta','','','anak kandung','-','siswa baru','','TK Insan Prestasi','Denpasar','2015',0,'','0000-00-00','','2015-07-13','','2017-06-14 01:15:45',NULL,3,NULL,'Y'),(56,'0097163235','Daniel Armando Wiyono Putra','Titi','L','Denpasar','2009-05-15',3,9,'Indonesia','Jl. Nuansa Utama II No 1','0361412659',0,0,'','',2,0,0,0,'Indonesia','Orang Tua','Sugiarto Wiyono','Nyoman Ayu Sri Anggreni','','','Wiraswasta','','','anak kandung','-','siswa baru','','TK Insan Presatsi','denpasar','2015',0,'','0000-00-00','','2015-07-13','','2017-06-14 01:19:35',NULL,3,NULL,'Y'),(57,'0089480440','Putu Ayu Prisha Gosa','Prisha','P','Denpasar','2008-06-20',2,14,'Indonesia','Jl Tunggul Ametung VIII No. 3 Denpasar','081236496974',0,0,'','',1,0,0,0,'Indonesia','Orang Tua','dr. I KetutSucipta Gosa','Putu Ayu Rhamani Suryadhi','','','PNS','','','Anak Kandung','-','Siswa Pindahan','','TK Insan Prestasi','','',0,'','0000-00-00','','2014-07-14','','2017-06-14 01:21:13',NULL,3,NULL,'Y'),(58,'0093411342','Kadek Abimanyu Aryasatya','Abim','L','Bengkulu','2009-04-29',5,9,'Indonesia','Jl Tukad Badung No 23 Renon Denpasar','081353020900',0,0,'','',2,0,0,0,'indonesia','Orang Tua','Ngurah Shuarbawa','Yenni Kurniawati','','','Wiraswasta','','','anak kandung','-','siswa baru','','TK Insan Prestasi','Denpasar','2015',0,'','0000-00-00','','2015-07-13','','2017-06-14 01:24:29',NULL,3,NULL,'Y'),(59,'0094338336','Zelia Maheswari Sulistijo','Zelia','L','Denpasar','2009-08-18',5,9,'Indonesia','Jl Drupadi XIII/10 A Denpasar','03612725988',0,0,'','',2,0,0,0,'Indonesia','Orang Tua','Mulyani Sulistijo','Qomariah','','','Wiraswasta','','','anak kandung','-','','','','','',0,'','0000-00-00','','2015-07-13','','2017-06-14 01:28:11',NULL,3,NULL,'Y'),(60,'0098225128','MAs Abhivandan Prakusha Sucipto','Abhi','L','Denpasar','2009-07-06',5,9,'Indonesia','Jl Subita 30 A Denpasar','',0,0,'','',1,0,0,0,'Indonesia','Orang Tua','Mas Sucipto','Afina Purwati Ning Tyas','','','Pegawai Swasta','','','anak kandung','-','siswa baru','','TK Insan Prestasi','Denpasar','2015',0,'','0000-00-00','','2015-07-13','','2017-06-14 01:33:19',NULL,3,NULL,'Y'),(61,'0086423579','Zuyyin Kesha Prayogie','Kesha','P','Denpasar','2008-07-18',5,9,'Indonesia','Jl Badak Agung Gg 15/8 Renon','085749900000',0,0,'','',1,0,0,0,'Indonesia','Orang Tua','Rendy Mahameru P','Susani Halim','','','Wiraswasta','','','anak kandung','-','siswa baru','','TK Insan Prestasi ','Denpasar','2015',0,'','0000-00-00','','2015-07-13','','2017-06-14 01:37:14',NULL,3,NULL,'Y'),(62,'0088635857','Condrad Dunant Theputra','Condrad','L','Denpasar','2008-12-06',1,9,'','Jl Gandapura Gg 4 no 76 Denpasar','0811385873',0,0,'','',3,0,0,0,'Indonesia','Orang Tua','Herry Hasman','Ni Ketut Sri Ratnawati','','','Wiraswasta','','','anak kandung','-','siswa baru','','TK Insan Prestasi','Denpasar','2015',0,'','0000-00-00','','2015-07-13','','2017-06-14 01:40:41',NULL,3,NULL,'Y'),(63,'0095802518','I Gst Bgs Danandheva Arghya Nathan','Nathan','L','Denpasar','2009-08-28',2,9,'Indonesia','Jl Ayani no 146','087862116005',0,0,'','',2,0,0,0,'Indonesia','Orang Tua','I Gst Putu Sumerta Dana','Nadia Maharani Savitri','','','Wiraswasta','','','anak kandung','-','siswa baru','','TK Insan Prestasi','Denpasar','2015',0,'','0000-00-00','','2015-07-13','','2017-06-14 01:44:15',NULL,3,NULL,'Y'),(64,'0091118878','Indra Suryanantha Putra','Indra','L','Denpasar','2009-01-15',5,9,'Indonesia','Jl Padma Hunian Benteng sari Gg Bugenvil','',0,0,'','',2,0,0,0,'indonesia','Orang Tua','Totok Ernanto SE','Ni Made Suarsani','','','Pegawai Swasta','','','anak kandung','-','siswa baru','','TK Insan Prestasi','Denpasar','2015',0,'','0000-00-00','','2015-07-13','','2017-06-14 01:47:14',NULL,3,NULL,'Y'),(65,'304','Samuel Kristianto Jensen','Samuel','L','Malang','2009-04-02',3,9,'Indonesia','Jl Mangaling Cemenggon Celuk','087860872644',0,0,'','',1,0,0,0,'Indonesia','Orang Tua','Donald Dale Jensen','Elia Nuriati','','','Wiraswasta','','','anak kandung','-','siswa baru','','TK Insan Prestasi','Denpasar','2015',0,'','0000-00-00','','2015-12-28','','2017-06-14 01:51:02',NULL,3,NULL,'Y'),(66,'0054497304','I Putu Nanda Widya Merta','Nanda','L','Denpasar','2005-11-21',2,16,'Indonesia','Br. Agung, Mambal','081999403477',62,157,'','',1,2,0,0,'Indonesia','Orang Tua','I Made Gunarsa, SS','A.A Sg Ratna Swari P.','','','Wiraswasta','','','','-','','','','','',0,'','2017-06-14','','2012-07-16','SD','2017-06-14 02:41:26','2017-06-14 15:42:11',3,3,'Y'),(67,'0059558609','Sattvika Sanika Vyshalani','Vika','P','Surabaya','2017-06-14',2,16,'Indonesia','Jl. Kenyeri No.50 Dps','08179390533 ',57,150,'','',1,0,0,0,'Indonesia','Orang Tua','dr. M.Bagus Suardojoyo','Putu Eva Susanti Dewi, SE','','','-','','','Anak Kandung','Pegawai Swasta','Siswa SD','','TK','','',0,'','0000-00-00','','2012-07-16','SD','2017-06-14 02:55:29',NULL,3,NULL,'Y'),(68,'0056911942','Felicia Natalia','Felicia','P','Denpasar','2005-12-12',4,16,'Indonesia','Jl. Kembang Kepah No.1 Dps','081558930055',38,148,'','',1,0,0,0,'Indonesia','Orang Tua','Nico Johanes','Ernawati','','','Wiraswasta','','','','-','Siswa SD','','','','',0,'TK Insan Prestasi','0000-00-00','','2012-07-16','','2017-06-14 03:01:07',NULL,3,NULL,'Y'),(69,'0067553661','Febriana Puspitasari Taulina','Febri','P','Semarang','2006-02-10',3,16,'Indonesia','Jl. Kecubung No.3 Dps','081901333667',24,128,'','',1,0,0,0,'Indonesia','Orang Tua','Taufik','Dian Lindiana Putri','','','-','','','','Wiraswasta','Siswa SD','','','','',0,'TK Insan Prestasi','0000-00-00','','2012-07-16','SD','2017-06-14 03:06:20',NULL,3,NULL,'Y'),(70,'0067714821','Ni Putu Indah Sri Rahayu Pradyawati','Indah','P','Denpasar','2006-04-17',2,16,'Indonesia','Jl. Sembila Sari Br.Sembila Jati Gn.Agung','082145508094',28,136,'','',1,0,0,0,'','Orang Tua','I Nyoman Agus Sugianto','Ni Made Nur Astini','','','Pegawai Swasta','','','','-','Siswa SD','','','','',0,'TK Insan Prestasi','0000-00-00','','2012-07-16','SD','2017-06-14 03:13:22',NULL,3,NULL,'Y'),(71,'0057003138','Ida Bagus Surya Adhyatmika Dananjaya','Danan','L','Denpasar','2005-09-02',2,16,'Indonesia','Jl. Nangka Utara No.267 Dps','081337258588',62,156,'','',2,0,0,0,'Indonesia','Orang Tua','Ida Bagus Agung Suryanata','Ida Bagus Agung Suryanata','','','Wiraswasta','','','Anak Kandung','-','Siswa SD','','','','',0,'TK Insan Prestasi','0000-00-00','','2012-07-16','SD','2017-06-14 03:23:22','2017-06-15 08:41:00',3,3,'Y'),(72,'0069320608','Luh Andira Raisya Maharani ','Raisya','P','Bengkulu','2006-06-26',5,16,'Indonesia','Jl. Tukad Badung No.23 Renon Dps ','081353020900',46,149,'','',1,0,0,0,'Indonesia','Orang Tua','Ngurah Shuarbawa ','Yenni Kurniati ','','','Wiraswasta','','','Anak Kandung','-','Siswa SD','','','','',0,'TK','0000-00-00','','2012-07-16','SD','2017-06-14 03:46:37',NULL,3,NULL,'Y'),(73,'0068744397','Luh Putu Sheela Dharmaja','Sheela','P','Denpasar','2006-06-21',2,16,'Indonesia','Br. Mukti, Singapadu','081331860830',45,145,'','',1,0,0,0,'Indonesia','-','I Ketut Gede Citra Darmaja','Luh Putu Ayu Devy Susanti','','','Wiraswasta','','','Anak Kandung','-','Siswa SD','','','','',0,'TK Insan Prestasi','0000-00-00','','2012-07-16','SD','2017-06-14 20:16:10',NULL,3,NULL,'Y'),(74,'0065221389','Agnesya Angelina Renouw','Angel','P','Denpasar','2006-05-06',3,16,'','Jl. Kenyeri 3 Gg 3d No.5 Dps','0361248672/0813',0,0,'','',1,0,0,0,'','-','ibu','Dewi Arianti','','','-','','','','-','','','','','',0,'','0000-00-00','','2012-07-16','','2017-06-15 22:17:31','2017-06-16 11:50:03',3,3,'Y'),(75,'0061711508','Bani Nawalapatra','Bani','L','Denpasar','2006-09-23',5,16,'Indonesia','Jl. Subak Dalem Gg V/18 Dps','08123986124/036',0,0,'','',1,0,0,0,'','-','Anton Muhajir','Luh De Suriyani','','','-','','','','-','','','','','',0,'','0000-00-00','','2012-07-16','','2017-06-15 22:24:14','2017-06-16 11:50:57',3,3,'Y'),(76,'0079380971','Catherina Atma Yustica','Catherine','P','Denpasar','2007-01-22',4,16,'Indonesia','Jl. Jaya Pangus No.9 Dps Peguyangan','081337561337',0,0,'','',1,0,0,0,'','-','R. Sumartono','Trami Prihatin','','','-','','','','-','','','','','',0,'','0000-00-00','','2012-07-16','','2017-06-15 22:31:24',NULL,3,NULL,'Y'),(77,'0055236032','Putu Adhika Nugraha','Dika','L','Denpasar','2005-10-09',2,16,'Indonesia','Jl. Gatsu IV/Gatsu Mulia Dps','081338073370',0,0,'','',1,0,0,0,'','-','I Ketut Sukarta','Ni Komang Anik Artini','','','-','','','','-','','','','','',0,'','0000-00-00','','2012-07-16','','2017-06-15 22:37:15','2017-06-16 11:48:28',3,3,'Y'),(78,'0062783955','Nathanael Donato Wibowo','Nathan','L','Denpasar','2006-05-30',3,16,'Indonesia','Jl. Tunggul Ametung II/10 Dps','0361425008/0878',0,0,'','',2,0,0,0,'','-','Agus Wibowo','Ria Agustin','','','-','','','','-','','','','','',0,'','0000-00-00','','2012-07-16','','2017-06-15 22:47:19',NULL,3,NULL,'Y'),(79,'0053332944','Putu Marsha Tarika Putri','Marsha','P','Denpasar','2005-12-11',2,16,'Indonesia','Jl. Ratna Gg. Sahadewa No.2A Dps','03617957720/081',0,0,'','',1,0,0,0,'','-','I Gede Juli Adnyana','Luh Putu Arini,SE','','','-','','','','-','','','','','',0,'','0000-00-00','','2012-07-16','','2017-06-15 22:58:07',NULL,3,NULL,'Y'),(80,'0056348766','Jehosua Giordano','Gio','L','Bogor','2005-07-08',3,16,'Indonesia','Komp.POLRI Blok 6 No. 5 Abiansemal','081239290036/08',0,0,'','',1,0,0,0,'','-','ibu','Nastasya Adelita','','','-','','','','-','','','','','',0,'','0000-00-00','','2012-07-16','','2017-06-15 23:12:13',NULL,3,NULL,'Y'),(81,'0061083981','I Putu Raditya Daneswara','Danes','L','Denpasar','2006-04-16',2,16,'Indonesia','Jl. Sekar Tunjung XI Gg.I No.I','03617964325/081',0,0,'','',1,0,0,0,'','-','I Putu Edy Swendra','Ni Ketut Pande Sarjani','','','-','','','','-','','','','','',0,'','0000-00-00','','2012-07-16','','2017-06-15 23:21:13',NULL,3,NULL,'Y'),(82,'0058033824','I Gusti Ngurah Marchello Arjuna Langi','Arjuna','L','Denpasar','2005-11-16',2,16,'Indonesia','Jl. Bedahulu Blok XV / 18 Dps','03618449852/081',0,0,'','',1,0,0,0,'','-','Jeen Stevie Stenly Langi','I Gusti Ayu Mahekayanti','','','-','','','','-','','','','','',0,'','0000-00-00','','2012-07-16','','2017-06-15 23:31:45',NULL,3,NULL,'Y'),(83,'0046963803','Ida Bagus Pidada Dwipayana','Gus dwi','L','Denpasar','2004-03-08',2,16,'Indonesia','Jl. Batuyang Gg Bangau VI / 2 Batubulan','03617914657/036',0,0,'','',2,0,0,0,'','-','Ida Bagus Gede Ardana','Ida Ayu Ketut Sri Sudarmi','','','-','','','','-','','','','','',0,'','0000-00-00','','2012-07-16','','2017-06-15 23:38:22',NULL,3,NULL,'Y'),(84,'0066952973','Made Alvin Pradnansista Maheswara','Dede','L','Singaraja','2006-10-09',2,16,'Indonesia','Jl. seroja No.9A','0361410441/0857',0,0,'','',2,0,0,0,'','-','I Kadek Budi Santosa','Luh Putu Hermawati','','','-','','','','-','','','','','',0,'','0000-00-00','','2012-07-16','','2017-06-15 23:46:04',NULL,3,NULL,'Y'),(85,'0064543186','Desak Ayu Candra Pramita Kirana Dewi','Gek Andra','P','Denpasar','2006-05-25',2,16,'Indonesia','Jl. Sandat VII No. 3','085237388713/08',0,0,'','',1,0,0,0,'','-','Dewa Putu Dharmayasa','Desak Putu Apriliawati','','','-','','','','-','','','','','',0,'','0000-00-00','','2012-07-16','','2017-06-15 23:51:37',NULL,3,NULL,'Y'),(86,'0068517341','Gede Galang Krisna Sumarcana','Galang','L','Denpasar','2006-10-07',2,16,'Indonesia','Perum Taman Lembu Sura I/5','03618442243/081',0,0,'','',1,0,0,0,'','-','Komang Sumarcana','Ketut Ary Nevie Wahyuni','','','-','','','','-','','','','','',0,'','0000-00-00','','2012-07-16','','2017-06-15 23:56:13',NULL,3,NULL,'Y'),(87,'0067924406','I Ketut Aksan Budi Laksana','Aksan','L','Denpasar','2006-06-27',2,16,'Indonesia','Jl. A Yani Gg Kakatua No.10','087862192656/08',0,0,'','',4,0,0,0,'','-','I Wayan S. Wirata','Ni Ketut Sukantri','','','-','','','','-','','','','','',0,'','0000-00-00','','2012-07-16','','2017-06-16 00:03:07',NULL,3,NULL,'Y'),(88,'0056574748','AA Gede Danendra Warshana Karang','Gungde','L','Denpasar','2005-09-21',2,16,'Indonesia','Jl. Padma Gg I B/9A','0361466231/0812',0,0,'','',1,0,0,0,'','-','AA Ketut Jayawarsa','I Gst Ayu Prastiti.S','','','-','','','','-','','','','','',0,'','0000-00-00','','2012-07-16','','2017-06-16 00:08:03',NULL,3,NULL,'Y'),(89,'0154137628','Harrya Abhirama Dwi Kayana','Abhi','L','Denpasar','2005-07-25',2,16,'Indonesia','Jl. Dewi Sri Gg Salak No.11 Batubulan','081558439963/03',0,0,'','',2,0,0,0,'','-','Bima Riawan','Ni Wayan Adnyani','','','-','','','','-','','','','','',0,'','0000-00-00','','2012-07-16','','2017-06-16 00:17:35',NULL,3,NULL,'Y'),(90,'0069198702','I Gede Jovandinata Widarsana Yadnya','Jojo','L','Denpasar','2006-04-20',2,16,'Indonesia','Jl. Pertulaka No.38 Peninjoan','082146771469',0,0,'','',1,0,0,0,'','-','Pandu Wikarsa','Puji Ariati','','','-','','','','-','','','','','',0,'','0000-00-00','','2012-07-16','','2017-06-16 00:25:01',NULL,3,NULL,'Y'),(91,'0062177252','Christian Kevin Farelius','Farel','L','Denpasar','2006-05-02',4,16,'Indonesia','Jl. Kembang Kepah No. 17 Dps','03612161261',37,136,'','',1,0,0,0,'Indonesia','Orang Tua','Alm. Stefanus R','Dewi Kurniawati','','','Wiraswasta','','','','-','Siswa SD','','','','',0,'TK Insan Prestasi','0000-00-00','','2012-07-16','SD','2017-06-19 07:24:11',NULL,3,NULL,'Y'),(92,'0068598856','Gerhana Pradipa Adyatma','Adit','L','Denpasar','2006-09-08',5,16,'Indonesia','Jl. Jepun Kuning No. 8 Gatsu Timur','0813304049109',56,149,'','',1,0,0,0,'Indonesia','-','Dian Nugroho','Ema Prihantini','','','Pegawai Swasta','','','','-','Siswa SD','','','','',0,'TK Insan Prestasi','0000-00-00','','2012-07-16','SD','2017-06-19 07:27:16',NULL,3,NULL,'Y'),(93,'0067610102','I Gede Janardhana Abby','Abby','L','Denpasar','2006-08-19',2,16,'Indonesia','Jl. Tunjung Tutur, Perum Nuansasaih Br. Saih Dps','03617880100',31,147,'','',1,0,0,0,'Indonesia','Orang Tua','I Nengah Suyasa Dwipayana','Ni Made Astini','','','Wiraswasta','','','','-','Siswa SD','','','','',0,'','0000-00-00','','2012-07-16','SD','2017-06-19 07:31:02',NULL,3,NULL,'Y'),(94,'085','Liedya Tara Divya','Liedya','P','Denpasar','2006-09-12',2,16,'Indonesia','Jl. Nangka Utara Gg. Satawana No.15 A','085739442005',33,137,'','',2,0,0,0,'Indonesia','Orang Tua','Liga Yuda Kusuma','I Gst Ayu Trisna Prabasari Putri','','','Wiraswasta','','','','-','Siswa SD','','','','',0,'','0000-00-00','','2012-07-16','SD','2017-06-19 07:36:19',NULL,3,NULL,'Y'),(95,'0069700552','Leilani Diana Hermanto','Leilani','P','Temanggung','2006-08-11',5,16,'Indonesia','Jl. Turi Gang I','081338158135',35,144,'','',1,0,0,0,'Indonesia','Orang Tua','Agus Hermanto','Ngatemi','','','Wiraswasta','','','','-','Siswa SD','','','','',0,'TK Insan Prestasi','0000-00-00','','2012-07-16','SD','2017-06-19 07:39:58',NULL,3,NULL,'Y'),(96,'0066574373','Ida Ayu Oka Uttari Mahadewi','Gek Tari','P','Denpasar','2006-06-22',2,16,'Indonesia','Jl. Pralina No. 2 Dps','0361248576',31,143,'','',1,0,0,0,'Indonesia','-','Ida Bagus Raka Mahardika','Ni Putu Astuti Sumarwati','','','Wiraswasta','','','','-','Siswa SD','','','','',0,'TK Insan Prestasi','0000-00-00','','2012-07-16','SD','2017-06-19 07:43:13',NULL,3,NULL,'Y'),(97,'0069607294','Ariel Pasha Firmansyah','Ariel','L','Denpasar','2006-06-28',5,16,'Indonesia','Jl. Siulan Gg. Sekar Hyah','081805582600',42,144,'','',1,0,0,0,'Indonesia','Orang Tua','Nanda Wijaya Pratama','Ni Luh Sugiantari','','','Wiraswasta','','','','-','Siswa SD','','','','',0,'TK Insan Prestasi','0000-00-00','','2012-07-16','SD','2017-06-19 07:48:34',NULL,3,NULL,'Y'),(98,'0085110168','AMEERA ARFA AZALIA ANINDA ','aninda','P','purwodadi','2008-10-04',5,14,'indonesia','Jl. Trengguli Gg XXIII No.5 Dps','0361-8772989 / ',22,127,'-','-',1,0,0,0,'bahasa indonesia','Orang Tua','Wahyu Aji Wibowo','Puji Retno H','-','-','PNS','-','-','-','-','siswa','-','-','-','-',0,'-','0000-00-00','-','2014-07-16','sd','2017-06-19 20:12:07',NULL,3,NULL,'Y'),(99,'0085347804','ANGELINA BELVA GRACIA','angel','P','denpasar','2008-05-17',1,14,'indonesia','Jl. A.Yani Gg Merpati III, BTN Hita Bhuana B No.08 Dps','0361-8031310 / ',26,124,'-','-',1,0,0,0,'indonesia','Orang Tua','Budhi, SE','	Ni Nyoman Sariasih, A.Md ','--','-','Wiraswasta','','','','-','','','','','',0,'','0000-00-00','','2014-07-16','','2017-06-19 20:19:10',NULL,3,NULL,'Y'),(100,'0086450898','arista maharani','arista','P','denpasar','2008-05-09',5,14,'indonesia','Jl. Wijaya Kusuma 14 Denpasar	','228986 / 081236',31,140,'','',1,0,0,0,'indonesia','Orang Tua','Tri darma laksana SH	','Weni priwatini SH','','','Wiraswasta','','','','-','','','','','',0,'','0000-00-00','','2014-07-16','','2017-06-19 20:27:56',NULL,3,NULL,'Y'),(101,'0082716501','ARJUNA','ARJUNA ADITYA DANA	','L','denpasar','2008-01-08',5,14,'indonesia','Jl. Gatsu Barat No 370 B Dps	','0361 - 7412060/',34,135,'','',2,0,0,0,'indonesia','Orang Tua','Z. Ali	','Nova Ervina A.M','','','Wiraswasta','','','','-','','','','','',0,'','0000-00-00','','2014-07-16','','2017-06-19 20:33:16',NULL,3,NULL,'Y'),(102,'0089798228','FILBERT JUSTINE JHONATAN YUWAN','justine','L','denpasar','2008-04-10',1,14,'indonesia','Jl.Gatot Subroto Timur 388	','0361-7800139 / ',30,133,'','',1,0,0,0,'indonesia','Orang Tua','Nyoman Juni Wirawan	','Nyoman Arini','','','Wiraswasta','','','','-','','','','','',0,'','0000-00-00','','2014-07-16','','2017-06-19 20:38:49',NULL,3,NULL,'Y'),(103,'0085477895','FIONA PUTRI WIJAYA','fiona','P','denpasar','2008-07-02',1,14,'indonesia','Jl. Gandapura 1 Gg IB No.7 	','0361-8888313 / ',37,134,'','',1,0,0,0,'indonesia','-','Wijaya Sedhana ','	Gusti Agung Ayu Mulianingsih ','','','Wiraswasta','','','','-','','','','','',0,'','0000-00-00','','2014-07-16','','2017-06-19 20:45:10',NULL,3,NULL,'Y'),(104,'0075978023','GEDE SATRIA PRABA WIRAJATI','satria','L','denpasar','2007-11-30',2,14,'indonesia','Jl Sandat IV / 8	','8615789 / 22468',42,148,'','',1,0,0,0,'indonesia','Orang Tua','Gede Eka Suadhi Putra	','Kadek Eli Yunita Dewi','','','-','','','','Wiraswasta','','','','','',0,'','0000-00-00','','2014-07-16','','2017-06-19 20:50:36',NULL,3,NULL,'Y'),(105,'0072043487','PUTU YASYADAIVI PRATITHA','yasya','P','Denpasar','2007-04-25',2,15,'indonesia','JL.WIJAYA KUSUMA NO 47 DENPASAR','0361233586',36,149,'','',1,0,0,0,'Indonesia','Orang Tua','I WAYAN NOPI SURYANTO , SH','NYOMAN AMIE SANDRAWATI,S.Sos ','','','PNS','','','','-','','','','','',0,'','0000-00-00','','2013-07-16','','2017-06-19 20:54:43',NULL,3,NULL,'Y'),(106,'0079020712','I GUSTI AGUNG PUTU DHARMARTA ISSANANDA','gung nanda','L','denpasar','2007-12-07',2,14,'indonesia','Jl Bedahulu III / 10	','0361-7842684 / ',45,141,'','',1,0,0,0,'indonesia','Orang Tua','I Gst Agung Gde Mahendra Jaya	','A.A Istri Sri Artini','','','Wiraswasta','','','','-','','','','','',0,'','0000-00-00','','2014-07-16','','2017-06-19 20:54:50',NULL,3,NULL,'Y'),(107,'0089032168','I GUSTI NGURAH AGUNG RAMA ANANTAVIRYA PRABAWA','turah rama','L','denpasar','2008-08-23',2,14,'indonesia','Jl WR.Supratman 215	','081237171288 / ',40,141,'','',1,0,0,0,'indonesia','Orang Tua','I Gst Ngurah Agung Eka Pratama	','Elisa Purnama Dewi','','','Wiraswasta','','','','-','','','','','',0,'','0000-00-00','','2014-07-16','','2017-06-19 20:59:03',NULL,3,NULL,'Y'),(108,'0081026834','I PUTU RAFA YUDISTIRA PUTRA RIMBAWAN','rafa','L','denpasar','2008-04-04',2,14,'indonesia','Jl. Batuyang Gg Elang No. 37, Batubulan Gianyar	','082145365552',42,143,'','',1,0,0,0,'indonesia','Orang Tua','Agus Leo Rimbawan 	','Ni Nyoman Dewi Lestari Andayani','','','Wiraswasta','','','','-','','','','','',0,'','0000-00-00','','2016-07-16','','2017-06-19 21:08:42',NULL,3,NULL,'Y'),(109,'0079886474','PUTU KIRANA SHINTA AGISCA','kirana','P','Denpasar','2007-04-21',2,15,'indonesia','JL. SEKAR TUNJUNG IX NO. 13 PAVILIUN 88','08155716353',48,151,'','',1,0,0,0,'Indonesia','Orang Tua','PUTU AGUS SETIAWAN','KADEK JUWATI ','','','Pegawai Swasta','','','','-','','','','','',0,'','0000-00-00','','2013-07-16','','2017-06-19 21:10:01',NULL,3,NULL,'Y'),(110,'0086245912','I MADE YOGA BHASKARA GAUTAMA','yoga','L','denpasar','2008-05-01',2,14,'indonesia','Jl Cekomaria ( Perum Kopertis)	','081236516917 / ',41,134,'','',2,0,0,0,'indonesia','Orang Tua','I Made Gde Sudanayasa	','Erlis Setiyaningrum','','','Wiraswasta','','','','-','','','','','',0,'','0000-00-00','','2014-07-16','','2017-06-19 21:12:24',NULL,3,NULL,'Y'),(111,'0086595086','JASSIEL NAYAKA PRATAMA PUTRA','jassiel','L','denpasar','2008-08-18',5,14,'indonesia','Jl Pulau Seribu no.46	','085237727753 / ',40,137,'','',1,0,0,0,'indonesia','Orang Tua','Lasno	','Ni Md Puspawati','','','Wiraswasta','','','','-','','','','','',0,'','0000-00-00','','2014-07-16','','2017-06-19 21:18:41',NULL,3,NULL,'Y'),(112,'0077351735','NI WAYAN REGINA RAYTANA PUTRI','putri regina','P','Denpasar','2007-03-02',2,15,'indonesia','PERUMAHAN PONDOK ASRI BLOK A NO 18 , SEDANG ','081337249888',26,141,'','',1,0,0,0,'indonesia','Orang Tua','I MADE MULIA DANA','NI MADE RAI SUKIARI','','','Pegawai Swasta','','','','-','','','','','',0,'','0000-00-00','','2007-07-16','','2017-06-19 21:18:53',NULL,3,NULL,'Y'),(113,' 0081004984','KIESHA JULIANI CHANDRA','kiesha','P','pontianak','2008-07-26',5,14,'indonesia','Jl Gatsu VI Komp.Graha Gatsu Mulia A/23	','082236352759 / ',0,0,'','',2,0,0,0,'indonesia','Orang Tua','Chandra Hin','	Juli Setiani','','','Wiraswasta','','','','-','','','','','',0,'','0000-00-00','','2014-07-16','','2017-06-19 21:24:14',NULL,3,NULL,'Y'),(114,' 0085181143','KOMANG AYU AMALIA INDIRAGANDI','amel','P','denpasar','2008-04-02',2,14,'indonesia','Jl. Siulan, Perum Graha Dwi Gangga No.7 Penatih 	','0818555255 / 03',30,133,'','',3,0,0,0,'indonesia','Orang Tua','I Nyoman Sutresna	','I Gst Ayu Krisna Indrayani','','','Wiraswasta','','','','-','','','','','',0,'','0000-00-00','','2014-07-16','','2017-06-19 21:28:14',NULL,3,NULL,'Y'),(115,'0077281206','GDE BALDWIN WIRA PUTRA','baldwin','L','Denpasar','2007-05-09',2,15,'indonesia','PERUMAHAN TAMAN NANGKA INDAH E18 , DENPASAR','081936214265',48,142,'','',1,0,0,0,'indonesia','Orang Tua','I MADE ARTA WIRYASA,SE','PUTU AYU INTANG SISILIA,SE','','','Pegawai Swasta','','','','-','','','','','',0,'','0000-00-00','','2013-07-16','','2017-06-19 21:28:35',NULL,3,NULL,'Y'),(116,' 0078695684','MARGARETH VIENCY MANURUNG','ayeth','P','denpasar','2007-09-14',3,14,'indonesia','Jl Gandapura 3F/ 5	','085739697779',34,140,'','',1,0,0,0,'indonesia','Orang Tua','Victor Wisuda Manurung	','N.K.A Desi Aryanti','','','Pegawai Swasta','','','','-','','','','','',0,'','0000-00-00','','2014-07-16','','2017-06-19 21:31:57',NULL,3,NULL,'Y'),(117,' 0095014969','NI KADEK REZA ANANDITA PRATIWI','reza','P','gianyar','2009-09-29',2,14,'indonesia','Jl Kecubung no. 7','	081237693338',24,129,'','',2,0,0,0,'indonesia','Orang Tua','I Komang Hery Suyasa','	Luh Putu Sri Ekawati','','','Wiraswasta','','','','-','','','','','',0,'','0000-00-00','','2014-07-16','','2017-06-19 21:36:45',NULL,3,NULL,'Y'),(118,'0069659619','I PUTU GEDE RAYA DINANTA PRATAMA','gede raya','L','Denpasar','2006-09-19',2,15,'indonesia','JL. KENYERI NO 23 DENPASAR','0361231351',32,146,'','',1,0,0,0,'Indonesia','Orang Tua','I KOMANG DARMA ADIYASA','NI MADE BUDIANI','','','Wiraswasta','','','','-','','','','','',0,'','0000-00-00','','2013-07-16','','2017-06-19 21:37:59',NULL,3,NULL,'Y'),(119,'0081007945','PANDE KMG HAYZEL ZYAKTA SANG AGNI','hayzel','L','denpasar','2008-07-01',5,14,'indonesia','Jl. Seroja Perum Nindya Indah V /05 Tonja	','0361-7472572 / ',40,137,'','',3,0,0,0,'indonesia','Orang Tua','I Made Abimayu, SH	','Naomi Norishdya, S.Kom','','','Wiraswasta','','','','-','','','','','',0,'','0000-00-00','','2014-07-16','','2017-06-19 21:40:52',NULL,3,NULL,'Y'),(120,'0087471076','PUTU ANGGEL FRICYA DEWI','anggel','P','denpasar','2008-06-17',2,14,'indonesia','Jl Perum Lembu Sora Kav II / BV	','8086756 / 08199',30,138,'','',1,0,0,0,'indonesia','Orang Tua','Putu Jeffy Reagen Kurniawan	','Luh Putu Nory Suari','','','Wiraswasta','','','','-','','','','','',0,'','0000-00-00','','2014-07-16','','2017-06-19 21:44:12',NULL,3,NULL,'Y'),(121,'0076248353','PANDE PUTU CANDRA ABHIRAMA','candra','L','Denpasar','2007-05-31',2,15,'indonesia','JL. KENYERI NO.136 DENPASAR','0361263470',46,145,'','',1,0,0,0,'Indonesia','Orang Tua','PANDE PUTU DONNY JHONIARTA,SE','NI MADE SUARDANI ,SE','','','PNS','','','','-','','','','','',0,'','0000-00-00','','2013-07-16','','2017-06-19 21:45:33',NULL,3,NULL,'Y'),(122,' 0087401507','SHAREEN LOVINA GULTOM','ayen','P','medan','2008-01-31',3,14,'indonesia','Jl. Noja dukuh no 5 denpasar	','08216555770 /99',0,0,'','',2,0,0,0,'indonesia','Orang Tua','Ir. Tumpak Gultom	','Fenty M Tambunan','','','PNS','','','','-','','','','','',0,'','0000-00-00','','2014-07-16','','2017-06-19 21:47:42',NULL,3,NULL,'Y'),(123,'0072169197','I DEWA AYU KIRANA SARI RAHAYU NING TYAS','rara','P','denpasar','2007-09-24',2,14,'indonesia','Jl Anyelir Gg.Sita 14	','81338509387',28,137,'','',1,0,0,0,'indonesia','Orang Tua','I Dewa Gede Ngurah Taksa	','I Gst Ayu Mirah Saraswati Putri','','','Wiraswasta','','','','-','','','','','',0,'','0000-00-00','','2014-07-16','','2017-06-19 21:51:13',NULL,3,NULL,'Y'),(124,'0087457667','I GEDE SATRIA ABIDANA','satria','L','denpasar','2008-02-28',2,14,'indonesia','Jl. Narakesuma Gg XII A No.4 Dps','	8062977 / 0852',38,1376,'','',1,0,0,0,'indonesia','Orang Tua','Wisnu Wardana','	Luh sukerni','','','Wiraswasta','','','','-','','','','','',0,'','0000-00-00','','2014-07-16','','2017-06-19 21:55:27',NULL,3,NULL,'Y'),(125,'0075988673','I GUSTI AYU DWILAKSMI MAHESWARI MENDALA','gek ami','P','Denpasar','2007-03-03',2,15,'indonesia','JL. TAMAN LEMBU SURA BLOK 1/1 DENPASAR','03618442107',23,128,'','',2,0,0,0,'Indonesia','Orang Tua','I GUSTI NGURAH AGUSTANA D.M','MADE FEBY CHINTIA DEWI','','','Pegawai Swasta','','','','-','','','','','',0,'','0000-00-00','','2013-07-16','','2017-06-19 21:56:08',NULL,3,NULL,'Y'),(126,'0078063601','I GEDE PASEK WIRA KUSUMA','wira','L','Denpasar','2007-06-30',2,15,'indonesia','JL.PADMA NO. 16 DENPASAR','0361461849',63,146,'','',1,0,0,0,'indonesia','Orang Tua','I PUTU SUANTARA','NI KETUT AMPI ARIANI','','','Pegawai Swasta','','','','-','','','','','',0,'','0000-00-00','','2013-07-16','','2017-06-19 22:03:07',NULL,3,NULL,'Y'),(127,'0092837040','Nakeeysha Kallysta Santosa','Chia','P','Jakarta','2009-07-01',5,8,'Indonesia','Jl. Diponogoro Gang Pantus Sari No. 17 Denpasar ','081239310003',0,0,'','',1,0,0,0,'indonesia','Orang Tua','I Putu Gede Raka Santosa','Fachria Derry Marchia','','','Wiraswasta','','','','-','','','','','',0,'','0000-00-00','','2016-07-16','','2017-06-19 22:10:15',NULL,3,NULL,'Y'),(128,'0068285760','I KADEK BAYU ANANTA PUTRA','bayu','L','Denpasar','2006-10-21',2,15,'indonesia','JL. SIULAN GG LOTUS II / 2 DENPASAR','0361467742',49,135,'','',2,0,0,0,'Indonesia','Orang Tua','I GEDE RIMBAWA','NI KADEK MARHENI','','','Wiraswasta','','','','-','','','','','',0,'','0000-00-00','','2013-07-16','','2017-06-19 22:10:25',NULL,3,NULL,'Y'),(129,'0096894545','Talitha Yuliyanti','Litha ','P','Way Kanan ','2009-07-22',5,8,'Indonesia ','Jl. Sekar Jepun III No. 10 Gatsu Timur ','081337004401',0,0,'','',1,0,0,0,'Indonesia ','Orang Tua','Sukarjo','Narsiah ','','','Pegawai Swasta','','','','-','','','','','',0,'','0000-00-00','','2016-07-16','','2017-06-19 22:15:51',NULL,3,NULL,'Y'),(130,'0077726496','GEDE CLEON NARARYA WICAKSANA','nara','L','Denpasar','2007-10-15',2,15,'indonesia','JL. SUBAK DALEM GG I NO 1 DENPASAR','082146141804',45,144,'','',1,0,0,0,'Indonesia','Orang Tua','NENGAH SUARTAMA','KOMANG BUDI ADNYANI','','','Pegawai Swasta','','','','-','','','','','',0,'','0000-00-00','','2013-07-16','','2017-06-19 22:20:42',NULL,3,NULL,'Y'),(131,'0094290657','Calista Putri Leon ','Caca','P','Denpasar ','2009-08-03',1,8,'Indonesia','Jl. Nangka Selatan No. 176 Denpasar ','081337777600',0,0,'','',1,0,0,0,'Indonesia ','Orang Tua','Sujaya Lento','Komang Ayu Ony Octariani ','','','Wiraswasta','','','','-','','','','','',0,'','0000-00-00','','2016-07-16','','2017-06-19 22:21:17',NULL,3,NULL,'Y'),(132,'0093769217','I Gusti Ayu Adinda Paramitha Sasikirana ','Adinda ','P','Denpasar ','2009-09-12',2,8,'Indonesia ','Jl. Sari Gading No. 8 A','082340395695',0,0,'','',2,0,0,0,'Indonesia ','Orang Tua','I Gusti Ngurah Dwidirahmana','Wenny Reynia Lukitasari ','','','Wiraswasta','','','','-','','','','','',0,'','0000-00-00','','2016-07-16','','2017-06-19 22:26:32',NULL,3,NULL,'Y'),(133,'0071119874','I PUTU ADITYA KRISHNA JAYA','aditnaya','L','Denpasar','2007-10-22',2,15,'indonesia','JL.SEKAR TUNJUNG XII NO 160 DENPASAR','0361467602',52,149,'','',1,0,0,0,'Indonesia','Orang Tua','Drs. I WAYAN SRIJAYA , M.Hum','NI WAYAN SURIANI,SH ','','','-','','','','PNS','','','','','',0,'','0000-00-00','','2013-07-16','','2017-06-19 22:26:41',NULL,3,NULL,'Y'),(134,'0093297681','Putu Anindya Nararya Maheswari ','Ugek','P','Denpasar','2009-09-25',2,8,'Indonesia','Jl. Gatsu I Perum Mutiara Gatsu ','085737220009',0,0,'','',1,0,0,0,'Indonesia','Orang Tua','I Kadek Yuddy Artawan ','Nym Ayu Kemala Putri ','','','PNS','','','','-','','','','','',0,'','0000-00-00','','2016-07-16','','2017-06-19 22:33:32',NULL,3,NULL,'Y'),(135,'0073419916','I PUTU GEDE WISVADIPUTRA','wisva','L','Denpasar','2007-11-10',2,15,'indonesia','JL. TRENGGULI I GG I NO 9 X , DENPASAR','087822477000',45,152,'','',1,0,0,0,'Indonesia','Orang Tua','I WAYAN PUTRAWAN','MADE SUKARINI','','','PNS','','','','-','','','','','',0,'','0000-00-00','','2013-07-16','','2017-06-19 22:38:27',NULL,3,NULL,'Y'),(136,'0094014902','Pande Made Kartika Indiraswari ','Iras','P','Denpasar','2009-10-02',2,8,'Indonesia ','Jl. Batuyang Batubulan Private Residence ','08124696708',0,0,'','',2,0,0,0,'Indonesia','Orang Tua','Pande Alit Sastra Yoga, SE','Luh Putu Perwitasari, SE, AK','','','Wiraswasta','','','','-','','','','','',0,'','0000-00-00','','2016-07-16','','2017-06-19 22:39:54',NULL,3,NULL,'Y'),(137,'0066270850','KADEK PRISCILLA DEA PRAMESTI','dea','P','Denpasar','2006-09-09',2,15,'indonesia','JL. RATNA GG. BALADEWA N0 3 DENPASAR','082145518518',39,151,'','',2,0,0,0,'Indonesia','Orang Tua','PUTU GEDE WIDYANTARA','KADEK ERAWATI','','','Pegawai Swasta','','','','-','','','','','',0,'','0000-00-00','','2013-07-16','','2017-06-19 22:43:58',NULL,3,NULL,'Y'),(138,'0095819718','Jonathan Cristhandy Irianto ','Jojo','L','Denpasar ','2009-12-08',1,8,'Indonesia','Jl. Kembang Kepah No. 30 C','081934302323',0,0,'','',1,0,0,0,'Indonesia ','Orang Tua','Hendy ','Ni Ketut Natalia Handayani ','','','Wiraswasta','','','','-','','','','','',0,'','0000-00-00','','2016-07-16','','2017-06-19 22:44:25',NULL,3,NULL,'Y'),(139,'0102771242','Fanya Laudia Cahyani ','Fanya','P','Malang ','2010-01-07',5,8,'Indonesia ','By Pas Tohpati ','087862953394',0,0,'','',1,0,0,0,'Indonesia ','Orang Tua','Nur Kholiq','Sutiani ','','','Wiraswasta','','','','-','','','','','',0,'','0000-00-00','','2016-07-16','','2017-06-19 22:48:31',NULL,3,NULL,'Y'),(140,'0075680119','I GEDE TARA VEDANTA','tara','L','Denpasar','2007-07-25',2,15,'indonesia','JL. KENYERI GG ANGGREK NO 5 B ','0361234903',50,148,'','',1,0,0,0,'Indonesia','Orang Tua','I GEDE DEDI BUDIARSA','NYOMAN LAKSMI INDRASWARI','','','Pegawai Swasta','','','','-','','','','','',0,'','0000-00-00','','2013-07-16','','2017-06-19 22:49:41',NULL,3,NULL,'Y'),(141,'0101591425','Keisa Almas Erifa Ul Haq','Icha ','P','Banyuangi ','2010-01-17',5,8,'Indonesia ','Perum Gren Kori Ubung Jl. Nuansa Timur No. 8 ','082145073456',0,0,'','',1,0,0,0,'Indonesia ','Orang Tua','Moh. Haris Ul Haq, SH','Yety Erlina, SE','','','Wiraswasta','','','','-','','','','','',0,'','0000-00-00','','2016-07-16','','2017-06-19 22:53:13',NULL,3,NULL,'Y'),(142,'0074641366','I PUTU KRISNA SATRIA ADIYASA','krisna','L','karangasem','2007-07-29',2,15,'indonesia','JL. SUBAK DALEM GG VIII/17 ','081933097968',40,139,'','',1,0,0,0,'Indonesia','Orang Tua','I GEDE SATRIA JAYA','NI KADEK ARI SUTERISNI','','','Wiraswasta','','','','-','','','','','',0,'','0000-00-00','','2013-07-16','','2017-06-19 22:57:16',NULL,3,NULL,'Y'),(143,'0106918513','Ni Putu Darinn Astinacetta Nareswari ','Darinn','P','Denpasar ','2010-01-20',2,8,'Indonesia ','Jl. Raya Guwang Gang Mekar 4 No. 6 Br. Manikan ','085239153667',0,0,'','',1,0,0,0,'Indonesia ','Orang Tua','Slamet Paryanto ','Ni Putu Anggaraningsih ','','','Pegawai Swasta','','','','-','','','','','',0,'','0000-00-00','','2016-07-16','','2017-06-19 23:00:34',NULL,3,NULL,'Y'),(144,'0074100675','I AGUS YUTA ARTAWAN','yuta','L','tabanan','2007-06-14',2,15,'indonesia','JL. GATOT SUBROTO VI L NO 3A','081337096936',56,144,'','',1,0,0,0,'Indonesia','Orang Tua','NAKATA MITSUGU','NI MADE SONI','','','Wiraswasta','','','','-','','','','','',0,'','0000-00-00','','2013-07-16','','2017-06-19 23:02:58',NULL,3,NULL,'Y'),(145,'0108261347','I Gusti Ayu Intan Aryani ','Ayu Intan ','P','Gianyar ','2010-02-15',2,8,'Indonesia ','Jl. Padma Gang VII A No. 2 Penatih ','081236105198',0,0,'','',2,0,0,0,'Indonesia ','Orang Tua','I Gusti Ngurah Aryana Putra ','Komang Asri Wahyuni ','','','Wiraswasta','','','','-','','','','','',0,'','0000-00-00','','2016-07-16','','2017-06-19 23:05:16',NULL,3,NULL,'Y'),(146,'0077842610','PUTU ACHUTA DESTIKAYONI','chuta','P','Jakarta','2007-07-07',2,15,'indonesia','JL. BATU SARI I NO 4 RENON, DENPASAR','081214145056',27,136,'','',1,0,0,0,'Indonesia','Orang Tua','I KETUT SUASTIKA','DESI HARYANTI','','','Pegawai Swasta','','','','-','','','','','',0,'','0000-00-00','','2013-07-16','','2017-06-19 23:09:49',NULL,3,NULL,'Y'),(147,'0105550089','Barbie ','Barbie ','P','Denpasar ','2010-02-25',1,8,'Indonesia ','Jl. Nangka Utara Gang Sangging II No. 4 ','081239304418',0,0,'','',1,0,0,0,'Indonesia ','Orang Tua','Lie Tyauw Hok ','Martini ','','','Wiraswasta','','','','-','','','','','',0,'','0000-00-00','','2016-07-16','','2017-06-19 23:09:49',NULL,3,NULL,'Y'),(148,'0106522205','Mutiara Nur Annisa Hakim ','Annisa ','P','Banyuangi ','2010-03-03',5,8,'Indonesia ','Asrama Brimob Tohpati, Jl. Wr Supratman ','081246184411',0,0,'','',1,0,0,0,'Indonesia ','Orang Tua','Lukman Hakim ','Pratiwi Siswi Diana, S.Pd','','','PNS','','','','-','','','','','',0,'','0000-00-00','','2016-07-16','','2017-06-19 23:16:37',NULL,3,NULL,'Y'),(149,'0072043060','I KADEK EGA RAGISTA PERMANA','ega','L','Batubulan','2007-02-02',2,15,'indonesia','JL. CEKOMARIA GG BANTENG NO 4A ','081936390389',33,137,'','',2,0,0,0,'Indonesia','Orang Tua','I NYOMAN SUDANA, SE','NI WAYAN SUARDANI, SE,AK','','','Wiraswasta','','','','-','','','','','',0,'','0000-00-00','','2015-07-16','','2017-06-19 23:18:19',NULL,3,NULL,'Y'),(150,'0164300606','Kadek Badai Prawira ','Badai','L','Denpasar ','2010-03-04',2,8,'Indonesia ','Jl. Kecubung Gang Soles No. 1&8','0361 2286441',0,0,'','',2,0,0,0,'Indonesia ','Orang Tua','I Gede Hadi Dinaanggara','Ni Ketut Karnami ','','','Pegawai Swasta','','','','-','','','','','',0,'','0000-00-00','','2016-07-16','','2017-06-19 23:30:16',NULL,3,NULL,'Y'),(151,'0163618659','Putu Merri Artha Purnayanti ','Merri','P','Denpasar','2010-04-09',2,8,'Indonesia ','Jl. Raya Mas No. 29 Mas Ubud ','081999645123',0,0,'','',1,0,0,0,'Indonesia ','Orang Tua','I Ketut Gede Arthawa, SE ','Ni Putu Yeni Artha Sumber, SE','','','Wiraswasta','','','','-','','','','','',0,'','0000-00-00','','2016-07-16','','2017-06-19 23:35:31',NULL,3,NULL,'Y'),(152,'0107099354','I Gede Bawika Pradnya Nararya Putra ','Awik ','L','Denpasar ','2010-04-21',2,8,'Indonesia ','Asrama Brimob Tohpati, Jl Wr Supratman ','085237676038',0,0,'','',1,0,0,0,'Indonesia ','Orang Tua','I Made Usmaya ','Ni Ketut Juliartini ','','','PNS','','','','-','','','','','',0,'','0000-00-00','','2016-07-16','','2017-06-19 23:40:36',NULL,3,NULL,'Y'),(153,'0109158570','Laksmita Amartya Putri ','Mita','P','Badung ','2010-05-12',2,8,'Indonesia ','Jl. Nangka Utara Gang Kusuma Sari B-6 Denpasar ','082146001030',0,0,'','',1,0,0,0,'Indonesia ','Orang Tua','Ir. I Made Kusumayuda ','Ida Ayu Dwi Utami, S.Kom ','','','Pegawai Swasta','','','','-','','','','','',0,'','0000-00-00','','2016-07-16','','2017-06-19 23:45:26',NULL,3,NULL,'Y'),(154,'0105641575','Hafly Danis Prayogie ','Denis ','L','Denpasar ','2010-05-18',5,8,'Indonesia ','Jalan Tukad Badung Timur 18 No. 18 A Renon ','081239312322',0,0,'','',2,0,0,0,'Indonesia ','Orang Tua','Rendy M. Prayogie ','Susani Halim ','','','Wiraswasta','','','','-','','','','','',0,'','0000-00-00','','2016-07-16','','2017-06-19 23:52:33',NULL,3,NULL,'Y'),(155,'0105940728','Meylisa Ghea Farradiana ','Ghea ','P','Denpasar ','2010-05-26',5,8,'Indonesia ','By Pas Ngurah Rai Tohpati ','087862971997',0,0,'','',2,0,0,0,'Indonesia ','Orang Tua','Slamet Widodo ','Anik Nurhayati ','','','Wiraswasta','','','','-','','','','','',0,'','0000-00-00','','2016-07-16','','2017-06-19 23:57:31',NULL,3,NULL,'Y'),(156,'0102752600','I Putu Ryan Sanjaya Putra ','Ryan ','L','Denpasar ','2010-06-05',2,8,'Indonesia ','Jl. Sekar Jepun Gang 6 No 5 ','081999191295',0,0,'','',1,0,0,0,'Indonesia ','Orang Tua','I Made Pidada Adi Putra ','Ni Putu Eka Srimarwati ','','','Pegawai Swasta','','','','-','','','','','',0,'','0000-00-00','','2016-07-16','','2017-06-20 00:03:49',NULL,3,NULL,'Y'),(157,'0104712963','Ni Putu Nanda Wulan Bestari ','Nanda Wulan ','P','Denpasar','2010-06-26',2,8,'Indonesia ','Jl. Gunung Soputan No 4 Denpasar ','081999031962',0,0,'','',1,0,0,0,'indonesia','Orang Tua','I Made Subrata ','Ni Made Widiastuti ','','','Pegawai Swasta','','','','-','','','','','',0,'','0000-00-00','','2016-07-16','','2017-06-20 00:07:21',NULL,3,NULL,'Y'),(158,'0101206166','Putu Anindya Paramitha ','Ayu','P','Denpasar','2010-06-29',2,8,'Indonesia ','Br. Pakuwudan Sukawati ','085935319186',0,0,'','',1,0,0,0,'Indonesia ','Orang Tua','Putu Wirawan ','Putu Nurmala Dewi ','','','Wiraswasta','','','','-','','','','','',0,'','0000-00-00','','2016-07-16','','2017-06-20 00:11:13',NULL,3,NULL,'Y'),(159,'0101468125','Gita Amelia Dharmawan ','Gita ','P','Denpasar ','2010-09-01',1,8,'indonesia','Jl. Cekomaria No. 17 A ','082145915921',0,0,'','',2,0,0,0,'indonesia','Orang Tua','Handy Putra Dharmawan ','Feriwati ','','','Wiraswasta','','','','-','','','','','',0,'','0000-00-00','','2016-07-16','','2017-06-20 00:15:45',NULL,3,NULL,'Y'),(160,'0104270639','I Gede Adyatma Mahendraputra ','Kenzie ','L','Denpasar','2010-09-11',2,8,'indonesia','Jl. Siulan Gang Jepun No. 5 Penatih ','08123606887',0,0,'','',1,0,0,0,'Indonesia ','Orang Tua','I Made Bayu Mahendrayasa ','Ni Made Ulan Wibawani ','','','PNS','','','','-','','','','','',0,'','0000-00-00','','2016-07-16','','2017-06-20 00:19:15',NULL,3,NULL,'Y'),(161,'0108537233','Keysia Angelina Devina Putri ','Keysia ','P','Denpasar','2010-09-27',3,8,'indonesia','Jl. Gatot Subroto VI Perum Graha Gatsu ','081916430888',0,0,'','',2,0,0,0,'indonesia','Orang Tua','Budi Oktavianes','Henny Sedhana ','','','Wiraswasta','','','','-','','','','','',0,'','0000-00-00','','2016-07-16','','2017-06-20 00:23:29',NULL,3,NULL,'Y'),(162,'395','I Putu Laguna Wahyudiandra Wikan ','Wikan ','L','Denpasar','2010-01-18',2,8,'Indonesia ','Jl. Perum Agung Nusa ','081338108393',0,0,'','',1,0,0,0,'Indonesia ','Orang Tua','I Made Gayeng Ardana ','Ni Luh Yuliantari ','','','Wiraswasta','','','','-','','','','','',0,'','0000-00-00','','2016-12-26','','2017-06-20 00:30:06',NULL,3,NULL,'Y'),(163,'0073869087','ANAK AGUNG BAGUS RAMAPUTRA SUBAMIA ','GUNG RAMA','L','Denpasar','2007-06-01',2,15,'','Jl. Jempiring No.4 Dps ','081239599553 / ',0,0,'','',0,0,0,0,'','Orang Tua','Anak Agung Bagus Aditya Permana Subamia ','Anis Sri Wahyuni','','','PNS','','','','-','','','','','',0,'','0000-00-00','','2013-07-16','','2017-06-20 20:25:02',NULL,3,NULL,'Y'),(164,'0076453873','NI KETUT AYU MEITA KARINA','MEITA','L','Denpasar','2007-05-14',2,15,'','Dalung permai m 11','',0,0,'','',0,0,0,0,'','-','I Made Mundra','Ketut Ena Kadakina','','','PNS','','','','-','','','','','',0,'','0000-00-00','','2013-07-16','','2017-06-20 20:31:50',NULL,3,NULL,'Y'),(165,'0067498607','MADE SURYA DIAKSA','ODIK','L','Denpasar','2006-10-15',5,15,'indonesia','Jl. Noja Perum Citra Mat Tepi Siring No.4 Dps','081238347785',0,0,'','',2,0,0,0,'indonesia','Orang Tua','I Nyoman Widana ','Putu Udya Kustiawati, SE','','','Pegawai Swasta','','','','-','SISWA','','','','',0,'','0000-00-00','','2013-07-16','','2017-06-20 20:32:35',NULL,3,NULL,'Y'),(166,'0066810146','I KADEK SANISTU ADITYA DHARMA','ADITYA','L','JOMBANG','2013-10-21',2,15,'indonesia','Jl. Sekar Jepun VIII/ C No. 28 Dps','08118500148',0,0,'','',0,0,0,0,'indonesia','Orang Tua','Ir. I Komang Yudi Adnyana','Dra. Ning Somah Widarti','','','Wiraswasta','','','','-','','','','','',0,'','0000-00-00','','2013-07-16','','2017-06-20 20:37:58',NULL,3,NULL,'Y'),(167,'0071453373','AYU PUTRI MAHARANI WIJAYA','PUTRI MAHARANI','P','Badung','2007-03-26',2,15,'Indonesia','Jl. Patih Nambi Kapling Telkom No.77x','087862421176',0,0,'','',1,0,0,0,'','Orang Tua','Alit Wijaya Kusuma','Ni Ketut Sri Mahendri','','','Pegawai Swasta','','','','-','','','','','',0,'','0000-00-00','','2013-07-16','','2017-06-20 20:38:42',NULL,3,NULL,'Y'),(168,'0061092993','I GUSTI NGURAH RAHADI WICAKSANA','GUNG WICAK','L','Denpasar','2006-10-28',2,15,'indonesia','Jl. Nangka Selatan Gg IX /6','082144796234',0,0,'','',1,1,0,0,'indonesia','Orang Tua','I Gusti Ngurah Suarjana','I Gusti Agung Ari Kusuma Dewi','','','Pegawai Swasta','','','','-','','','','','',0,'','0000-00-00','','2013-07-16','','2017-06-20 20:42:31',NULL,3,NULL,'Y'),(169,'0077672722','BAGUS PUTU KASTARA PRAYATA','GUS TARA','L','Denpasar','2007-03-12',2,15,'Indonesia','Jl. Nangka Utara','8777078 / 80850',0,0,'','',4,0,0,0,'','Orang Tua','Bagus Putu Muliarta, SH','Desak Putu Kartiwi','','','PNS','','','','-','','','','','',0,'','0000-00-00','','2013-07-16','','2017-06-20 20:43:44',NULL,3,NULL,'Y'),(170,'0064593379','I PUTU ANDRA DELO WIAPUTRA','DELO','L','Denpasar','2006-09-08',2,15,'indonesia','Mongkey Forest Ubud Kori Bali I','970927',0,0,'','',0,0,0,0,'bahasa indonesia','Orang Tua','I Wyn Wiadnyana','Ni Km Mirah Suarjanji','','','-','','','','-','','','','','',0,'','0000-00-00','','2013-07-16','','2017-06-20 20:49:01',NULL,3,NULL,'Y'),(171,'0077662681','GEDE DENDRA RAMANIYA ABIGUNA','DENDRA','L','Denpasar','2007-02-21',2,15,'Indonesia','Jl. Wijaya Kusuma No.2 Dps','0361-223669 / 0',0,0,'','',1,0,0,0,'','Orang Tua','I Made Gunartha','Ni Luh Made Lisnawati','','','Pegawai Swasta','','','','-','','','','','',0,'','0000-00-00','','2013-07-16','','2017-06-20 20:50:17',NULL,3,NULL,'Y'),(172,'0075425626','CHERRY CIA KEYSHAFINIA ','CHERRY','P','JEMBER','2007-06-29',5,15,'','Jl. Sekar Tunjung 13 No.14 Gatsu ','081337591006',0,0,'','',0,0,0,0,'bahasa indonesia','Orang Tua','Gusmanto ','Umi Khuzainia ','','','Wiraswasta','','','','-','','','','','',0,'','0000-00-00','','2013-07-16','','2017-06-20 20:54:07',NULL,3,NULL,'Y'),(173,'0075739814','I MADE TEJA ARY DARMAWAN','ARY','L','Denpasar','2007-03-17',2,15,'Indonesia','Jl. Sandat V / 24 Dps','7898840 / 08123',0,0,'','',2,0,0,0,'','Orang Tua','I Ketut Widiastawa','I Gusti Ayu Suartiningsih','','','Wiraswasta','','','','-','','','','','',0,'','0000-00-00','','2013-07-16','','2017-06-20 20:55:46',NULL,3,NULL,'Y'),(174,'0071494115','RAMA RADITYA','RAMA','L','Denpasar','2007-09-24',5,15,'indonesia','Jl. Siulan Gg Sekar Hyah No.14 Dps','081805582600',0,0,'','',0,0,0,0,'bahasa indonesia','-','Nanda Wijaya Pratama ','Nanda Wijaya Pratama ','','','Pegawai Swasta','','','','-','','','','','',0,'','0000-00-00','','2013-07-16','','2017-06-20 20:59:35',NULL,3,NULL,'Y'),(175,'0072694472','I GUSTI NGURAH ERIC DEVDAN MARTAJAYA ','GUNG ERIC','L','Denpasar','2007-04-25',2,15,'Indonesia','Jl. Nangka Selatan Gg Kaswari No.1 Dps ','0361-239121 / 8',0,0,'','',2,0,0,0,'','Orang Tua','I Gusti Ngurah Parta Wijaya ','I Gusti Ayu Martiasih ','','','Wiraswasta','','','','-','','','','','',0,'','0000-00-00','','2013-07-16','','2017-06-20 21:01:36',NULL,3,NULL,'Y'),(176,'0073568221','KEVIN CHRISTIANO HARJAYA','KEVIN','L','Denpasar','2007-04-09',3,15,'indonesia','Jl. Sari Gading Timur No.3 Dps','0361-228151',0,0,'','',0,0,0,0,'bahasa indonesia','Orang Tua','Ishak Harjaya','Ni Ketut Nita Kristiani','','','Wiraswasta','','','','-','','','','','',0,'','0000-00-00','','2013-07-16','','2017-06-20 21:04:01',NULL,3,NULL,'Y'),(177,'0075291004','IDA AYU PUTU ARINA CAHYANI ','DAYU ARINA','P','Denpasar','2007-02-15',2,15,'Indonesia','Jl. Noja Perum Noja Indah Blok C No.7 Dps ','085857541274',0,0,'','',1,0,0,0,'','Orang Tua','Ida Bagus Dodi Prama ','Ida Ayu Nyoman Maindradewi ','','','Pegawai Swasta','','','','-','','','','','',0,'','0000-00-00','','2013-07-16','','2017-06-20 21:07:01',NULL,3,NULL,'Y'),(178,'0075628675','SIVA MAHESWARA SULISTIYO','SIVA','L','GIANYAR','2007-09-21',5,15,'indonesia','Jl. Drupadi XIII / 10 A Dps ( Tairopractic Of Asia )','0361-2725988',0,0,'','',0,0,0,0,'bahasa indonesia','Orang Tua','Mulyani Sulistijo','Qomariah ','','','Wiraswasta','','','','-','','','','','',0,'','0000-00-00','','2013-07-16','','2017-06-20 21:08:05',NULL,3,NULL,'Y'),(179,'0078737253','I GST AGUNG AYU BINTANG ASIH SRI REJEKI','GEK BINTANG','P','Denpasar','2007-07-11',2,15,'Indonesia','Jl. Gatot subroto IV','8956874 / 08123',0,0,'','',3,0,0,0,'','Orang Tua','I Gst Nym Kartika Dwi Atmaja','Ni Ketut Sulasmini','','','Wiraswasta','','','','-','','','','','',0,'','0000-00-00','','2013-07-16','','2017-06-20 21:11:57',NULL,3,NULL,'Y'),(180,'0065464646','PUTU ESSA OKTAVIANI ','ESSA','P','Denpasar','2006-10-18',2,15,'indonesia','Perum Taman Pak Oles Blok A2','081337361935',0,0,'','',0,0,0,0,'bahasa indonesia','Orang Tua','I Made Sukartina, SE ','Putu Onnik Saraswati, SIP ','','','Wiraswasta','','','','-','','','','','',0,'','0000-00-00','','2013-07-16','','2017-06-20 21:15:28',NULL,3,NULL,'Y'),(181,'0072464317','I KADEK CANDRA WIJAYA','CANDRA','L','Denpasar','2007-07-04',2,15,'Indonesia','Jl. Sekar Tunjung XI Gg. I No.1 ','081338702115',0,0,'','',2,0,0,0,'','Orang Tua','I Putu Edy Suwendra ','Ni Ketut Pande Sarjani','','','Pegawai Swasta','','','','-','','','','','',0,'','0000-00-00','','2013-07-16','','2017-06-20 21:17:18',NULL,3,NULL,'Y'),(182,'0078609884','I PUTU GEDE WIJA KESUMA','JAYJU','L','Denpasar','2007-07-14',2,15,'Indonesia','Jl. Kecubung  No. 7 Dps','7800931 /081338',0,0,'','',1,0,0,0,'','Orang Tua','I Putu Wijaya','Ni Putu Widiastuti','','','Pegawai Swasta','','','','-','','','','','',0,'','0000-00-00','','2013-07-16','','2017-06-20 21:21:48',NULL,3,NULL,'Y'),(183,'0075774379','ALVARO IVAN DANISWARA','IVAN','L','Denpasar','2007-05-21',5,15,'Indonesia','Jl. Karya Makmur No.1 Ubung','081805545508 / ',0,0,'','',1,0,0,0,'','Orang Tua','Raharjo','Ni Ketut Sunadi Mertasari Yasa','','','Pegawai Swasta','','','','-','','','','','',0,'','0000-00-00','','2013-07-16','','2017-06-20 21:25:23',NULL,3,NULL,'Y'),(184,'0063157659','SANG AYU PUTU KARUNIA JAYADI PUTRI ','ARUN','P','Denpasar','2006-11-14',2,15,'indonesia','Jl. Batuyang Gg Bangau XIII No.9, Batubulan ','081338488119',0,0,'','',1,0,0,0,'bahasa indonesia','Orang Tua','Sang Ketut Wahyu Jayadi ','Desak Putu Prayuni ','','','PNS','','','','-','','','','','',0,'','0000-00-00','','2013-07-16','','2017-06-20 21:26:36',NULL,3,NULL,'Y'),(185,'0064032847','PANDE PUTU KARMENITA YOGISWARI','ISWA','P','Denpasar','2006-11-07',2,15,'Indonesia','Jl. Batu Yang I / 6 Batu bulan Gianyar','8461173 /081 23',0,0,'','',1,0,0,0,'','Orang Tua','Pande Alit Sastra Yoga','Luh Putu Perwitasari','','','Wiraswasta','','','','-','','','','','',0,'','0000-00-00','','2013-07-16','','2017-06-20 21:29:35',NULL,3,NULL,'Y'),(186,'0071485016','KADEK KEISHA NITARA VALI ','KADEK TARA','P','Denpasar','2007-02-02',2,15,'indonesia','Jl. Ratna Gg Sahadewa No.2A','081338200999',0,0,'','',2,0,0,0,'bahasa indonesia','Orang Tua','I Gede Juli Adnyana, SE','Luh Putu Arini, SE','','','Wiraswasta','','','','-','','','','','',0,'','0000-00-00','','2013-07-16','','2017-06-20 21:30:50',NULL,3,NULL,'Y'),(187,'0076977226','MAHARDIKA MANGGALA PUTRA','DIKA','L','Denpasar','2007-08-22',1,15,'Indonesia','Jl. Kemuda II No.8 Dps ','0361-7411075 / ',0,0,'','',2,0,0,0,'','Orang Tua','I Ketut Gede Karyana Govinda Putra, S.Ag','Ni Wayan Sandat Harini, SE ','','','Wiraswasta','','','','-','','','','','',0,'','0000-00-00','','2013-07-16','','2017-06-20 21:33:25',NULL,3,NULL,'Y'),(188,'0078806738','DESAK PUTU PRADNYA MAHESWARI','ANYA','P','Denpasar','2007-02-12',2,15,'indonesia','Jl. Tri JataI /II','082144120600',0,0,'','',0,0,0,0,'indonesia','Orang Tua','Ngakan Ketut Putra Darmawan','Desak Ketut Kartini','','','Pegawai Swasta','','','','-','','','','','',0,'','0000-00-00','','2013-07-16','','2017-06-20 21:35:10',NULL,3,NULL,'Y'),(189,'0083975387','NI LUH PUTU CANTIKA SILVASARI ','CANTIKA','P','Denpasar','2008-02-01',2,15,'Indonesia','Jl. Nuansa Hijau Timur III / 7, Perum Kori Nuansa Hijau, Ubung Kaja ','0818568696',0,0,'','',1,0,0,0,'','Orang Tua','Drg. I Ketut Krishna Dharma ','Drg. Made Ayu Kencanawangi ','','','Pegawai Swasta','','','','-','','','','','',0,'','0000-00-00','','2013-07-16','','2017-06-20 21:37:25',NULL,3,NULL,'Y'),(190,'0077417338','CHRISTOPHER JOHN ANDERSON','CHRISTOPHER','L','SURABAYA','2007-07-01',2,15,'indonesia','Jl. Tunggul Ametung II/ 10','81224949998',0,0,'','',2,0,0,0,'bahasa indonesia','Orang Tua','Johny','Novalita','','','Pegawai Swasta','','','','-','','','','','',0,'','2013-07-16','','2013-07-16','','2017-06-20 21:40:46',NULL,3,NULL,'Y'),(191,'0065068326','COKORDA GEDE BAGUS NARENDRA PRAMODANA ','COK PRAM','L','Denpasar','2006-09-07',2,15,'Indonesia','Jl. Tunggul Ametung I / 9 Dps ','0361-434548 / 8',0,0,'','',1,0,0,0,'','Orang Tua','Tjok Gede Bagus Dharmayuda, SE','Cok Istri Nila Laksmi, ST ','','','Pegawai Swasta','','','','-','','','','','',0,'','0000-00-00','','2013-07-16','','2017-06-20 21:41:10',NULL,3,NULL,'Y'),(192,'0062960409','PUTU GEDE SATRYA JANURAGA','TUDE','L','Denpasar','2007-01-06',2,15,'indonesia','Jl. Nangka Gg Nuri IX/ 18','895688',0,0,'','',1,0,0,0,'bahasa indonesia','Orang Tua','I Kt. Gd Sudiartha','Luh Gd Setyawati','','','Wiraswasta','','','','-','','','','','',0,'','0000-00-00','','2013-01-16','','2017-06-20 21:44:58','2017-06-21 10:51:37',3,3,'N'),(193,'0076967374','PUTU GEDE SATRYA JANURAGA','TUDE','L','Denpasar','2007-01-06',2,15,'indonesia','Jl. Nangka Gg Nuri IX/ ','18895688',0,0,'','',1,0,0,0,'bahasa indonesia','Orang Tua','I Kt. Gd Sudiartha','Luh Gd Setyawati','','','Wiraswasta','','','','-','','','','','',0,'','0000-00-00','','2013-07-16','','2017-06-20 21:55:23',NULL,3,NULL,'Y'),(194,'0054928042','JEVI RAMADANI OKTA FERNANDO','NANDO','L','KUPANG','2009-10-20',5,15,'indonesia','Sekar Tunjung XIV / 168','081236373838',0,0,'','',1,0,0,0,'bahasa indonesia','Orang Tua','Sekar Tunjung XIV / 168','Vivi Supraptiningsih','','','ABRI','','','','-','','','','','',0,'','0000-00-00','','2013-07-16','','2017-06-20 22:06:23',NULL,3,NULL,'Y'),(195,'0084315554','A.A Ayu Anandhita Indira Pryanka','Gung Dhita','P','Denpasar','2008-08-08',2,14,'Indonesia','Jl. Gadung V no. 8','081805454321',31,140,'','',1,0,0,0,'','Orang Tua','I Gst. Ngr. Gede Purwita','Md. Indri Saraswati Durjaji.','','','-','','','','-','','','','','',0,'','0000-00-00','','2014-07-16','','2017-06-21 21:17:30',NULL,3,NULL,'Y'),(196,'0073985293','A.A Ngrh Ananda Aditya Priathama','Gung Ditya','L','Denpasar','2007-09-18',2,14,'Indonesia','Jl. Nangka gg Kertasari No. 3 Denpasar','228348',30,140,'','',2,0,0,0,'','Orang Tua','A.A Ngr. Gd. Arimbawa','Km. Ayu Lindiawati','','','Wiraswasta','','','','-','','','','','',0,'','0000-00-00','','2014-07-16','','2017-06-21 21:24:07',NULL,3,NULL,'Y'),(197,'0071981714','A.A Ngrh Ramaditya Dharma Wicaksana','Rama','L','Denpasar','2007-12-07',2,14,'Indonesia','Jl. Cok Agung Tresna No. 53 Denpasar','248172',35,145,'','',1,0,0,0,'Indonesia','Orang Tua','A.A Ngr. Suryawinata','Putu Sri Mulyaningsih','','','Pegawai Swasta','','','','-','','','','','',0,'','0000-00-00','','2014-07-16','SD','2017-06-21 21:30:35',NULL,3,NULL,'Y'),(198,'0089667244','Aussie Thalita Puteri Arsana','Aussie','P','Denpasar','2008-04-10',2,14,'Indonesia','Jalan Antasura Gg. Banasari VI no. 9 peguyangan','03618521968',36,151,'','',1,0,0,0,'Indonesia','Orang Tua','Made Buda Arsana','Pungki Samaniatun','','','Wiraswasta','','','','-','','','','','',0,'','0000-00-00','','2014-07-16','Sd','2017-06-22 06:48:55',NULL,3,NULL,'Y'),(199,'0083236416','Fira Ananda Putri Dhamantra','Fira','P','Jakarta','2008-07-07',2,14,'Indonesia','Jalan Kenyeri 15 Br. Kerta bumi','081281233333',39,140,'','',5,0,0,0,'Indonesia','Orang Tua','Nyoman Dhamantra','Laura Sastrodiharjo','','','PNS','','','','-','','','','','',0,'','0000-00-00','','2014-07-16','','2017-06-22 06:57:17',NULL,3,NULL,'Y'),(200,'0087528828','Gaura Dandyaksa Lokika','Gaura','L','Denpasar','2007-12-14',2,14,'Indonesia','Jalan Gatsu 1','0361 8777177',35,144,'','',1,0,0,0,'Indonesia','Orang Tua','Putu Goantika Binastara','G. A Sukraeni','','','PNS','','','','-','','','','','',0,'','0000-00-00','','2014-07-16','','2017-06-22 07:12:33','2017-06-24 11:13:36',3,3,'Y'),(201,'0087937104','Gede Bagus Andra Putra D.','Andra','L','Denpasar','2008-07-03',2,14,'Indonesia','Jalan Gatsu 1 Perum. Mutiara Gatsu D/2','7887753',25,137,'','',1,0,0,0,'Indonesia','-','Gede Bagus Sastrawan','Vina Christianty','','','PNS','','','','-','','','','','',0,'','0000-00-00','','2014-07-16','','2017-06-22 07:20:11',NULL,3,NULL,'Y'),(202,'0071134120','I Dewa Gede Paramartha Teja','Dewa Rama','L','Denpasar','2007-08-17',2,14,'Indonesia','Jalan Patih Nambi 1 Perum. Nuansa Taman Sari blok/2','08123683152',56,143,'','',1,0,0,0,'Indonesia','Orang Tua','I Dewa Gede Putu Budiyasa, S.Sos','I Gst. Ayu Ratna Pramesti Dasih, S.Sos., M.Si.','','','PNS','','','','-','','','','','',0,'','0000-00-00','','2014-07-16','','2017-06-22 07:50:25',NULL,3,NULL,'Y'),(204,'0076354890','I Gede Bryan Garjita Manggala Putra','Bryan','L','Badung','2007-09-24',2,14,'','Perum. Penamparan Indah II no 5 Denpasar','0361 8047813',30,140,'','',1,0,0,0,'','Orang Tua','I Made Widiartha','Ni Komang Yudi Mastini','','','Wiraswasta','','','','-','','','','','',0,'','0000-00-00','','2014-07-16','','2017-06-22 08:10:22',NULL,3,NULL,'Y'),(205,'0086150353','I Gede Dawala Baskara','Dawala','L','Denpasar','2008-07-25',2,14,'Indonesia','Jalan Patih Nambi perum. Nuansa Taman Sari Blok C','081337503195',40,140,'','',1,0,0,0,'','Orang Tua','I Gede Hadi Dinaanggara','I Ketut Karnami','','','Pegawai Swasta','','','','-','','','','','',0,'','0000-00-00','','2014-07-16','','2017-06-23 21:59:58',NULL,3,NULL,'Y'),(206,'0089536881','Gusti Ayu Galuh Ratimaya Mendala','Galuh','L','Denpasar','2008-08-27',2,14,'Indonesia','Jalan Suli no. 133 A','0361 239813',25,135,'','',1,0,0,0,'','Orang Tua','Ngurah Swamandala','Rahajeng Putri Hapsari','','','Pegawai Swasta','','','','-','','','','','',0,'','0000-00-00','','2014-07-16','','2017-06-23 22:21:15',NULL,3,NULL,'Y'),(207,'0084479005','I Gusti Ngurah Putu Maheca Satya Aditama','Maheca','L','Denpasar','2008-06-18',2,14,'Indonesia','Jalan Sakura VI no. II A','0361 234303',35,126,'','',1,0,0,0,'','Orang Tua','I Gusti Ketut Aditya Wirautama','Setyowati Istiningsih','','','Wiraswasta','','','','-','','','','','',0,'','0000-00-00','','2014-07-16','','2017-06-24 08:30:03',NULL,3,NULL,'Y'),(208,'0087474945','I Putu Bayu Pramana Putra Martha','Bayu','L','Denpasar','2008-05-08',2,14,'','Jalan Kepundung Gg. VII no. 38','0361 238275',44,135,'','',1,0,0,0,'','Orang Tua','I Putu Eka Suyantha, SH., MH','Ni Wayan Mariani, SE','','','-','','','','-','','','','','',0,'','0000-00-00','','2014-07-16','','2017-06-24 08:38:38',NULL,3,NULL,'Y'),(209,'0078503356','Made Naura Gayatri Putri','Naura','P','Denpasar','2007-12-11',2,14,'Indonesia','Jalan Noja I Gg. IV A no. 3','0361 8885789',30,137,'','',2,0,0,0,'','Orang Tua','I Nyoman Permana Diasa','Ni Made Sukma Wahyuni','','','Wiraswasta','','','','-','','','','','',0,'','0000-00-00','','2014-07-16','','2017-06-24 09:07:26',NULL,3,NULL,'Y'),(210,'0072979978','Nadine Sisilia Septi','Nadine','P','Denpasar','2007-11-21',2,14,'Indonesia','Jalan Kenyeri no. 96','0361 7871233',42,138,'','',1,0,0,0,'','Orang Tua','I Putu Putrawan','Ni Ketut Supriani','','','Wiraswasta','','','','-','','','','','',0,'','0000-00-00','','2014-07-16','','2017-06-24 09:19:05',NULL,3,NULL,'Y'),(211,'0087991799','Ni Putu Bintang Patricia Musni','Bintang','P','Denpasar','2008-03-14',2,14,'Indonesia','Jalan Ratna Gg. Turi no. 7','0361 8068746',39,140,'','',1,0,0,0,'','Orang Tua','I Made Pastika, SE','Ni Made Ria Asmi, Amd. Kom','','','Pegawai Swasta','','','','-','','','','','',0,'','0000-00-00','','2014-07-16','','2017-06-24 23:32:54',NULL,3,NULL,'Y'),(212,'0089481220','Putu Gina Indira Cayadewi','Dira','P','Denpasar','2008-06-17',2,14,'Indonesia','Jalan Gatsu I A, perum Gatsu Surya Permai Kav 1','0811395554',39,130,'','',1,0,0,0,'','Orang Tua','I Wayan Sugiutama','Putu Tisna Sulastri','','','Pegawai Swasta','','','','-','','','','','',0,'','0000-00-00','','2014-07-16','','2017-06-24 23:38:28',NULL,3,NULL,'Y'),(214,'0082405925','Putu Meisya Putri Maharani','Sasa','P','Denpasar','2008-05-30',2,14,'Indonesia','Jalan Seroja no. 68','081338619974',31,126,'','',1,0,0,0,'','Orang Tua','I Gede Sugiartara Putera','Komang Ayu Purnama Dewi','','','PNS','','','','-','','','','','',0,'','0000-00-00','','2014-07-16','','2017-06-25 00:08:44',NULL,3,NULL,'Y'),(215,'0086228973','Putu Wedana Kresna','Wedana','L','Denpasar','2008-06-05',2,14,'Indonesia','Jalan Gandapura 3A no. 19','0361 7975505',34,132,'','',1,0,0,0,'','Orang Tua','Made Rico Artawan, ST','Putu Yuli Fitriani, SE','','','Pegawai Swasta','','','','-','','','','','',0,'','0000-00-00','','2014-07-16','','2017-06-25 00:13:47',NULL,3,NULL,'Y'),(216,'0087302984','I A Putri Kanya Pristicia','Gek Anya','P','Negara','2008-02-28',2,14,'Indonesia','BTN Pondok Intan Asri kav A no. 34','081936252484',26,139,'','',1,0,0,0,'','Orang Tua','I. B. Komang Wisnu Mahaputra','Ni Putu Rani Ekayanti, S.Pd','','','Wiraswasta','','','','-','','','','','',0,'','0000-00-00','','2014-07-16','','2017-06-25 07:42:12',NULL,3,NULL,'Y'),(217,'0076713495','I Nyoman Pasek Tresnaweda','Mang Juna','L','Denpasar','2007-12-26',2,14,'Indonesia','Jalan Tulip Gg. 1/3','0361 236450',54,141,'','',1,0,0,0,'','Orang Tua','Drs. I Wayan Toya S.','Ni Nyoman Sumertini','','','PNS','','','','-','','','','','',0,'','0000-00-00','','2014-07-16','','2017-06-25 07:56:35',NULL,3,NULL,'Y'),(218,'0096400625','Gede Bayu Aji Veasna Cahyadi','Bayu Aji','L','Denpasar','2008-12-30',2,9,'indonesia','jl. Trijata Gg. Jatayu No.8','7448314',0,0,'','',1,0,0,0,'Indonesia','-','I Made Widarta Diputra','Ni Nym Trisna S','','','-','','','','-','','','','','',0,'','0000-00-00','','2015-07-13','','2017-07-02 20:57:26',NULL,3,NULL,'Y'),(219,'0099460774','NI MADE CHYNTHIA AYRA','CHYNTHIA','P','DENPASAR','2009-04-16',2,8,'INDONESIA','JL.KENYERI Gg ANGGREK NO. 5B DENPASAR','081936283235',0,0,'','',2,0,0,0,'INDONESIA','-','I GEDE DEDI BUDIARSA','NYOMAN LAKSMI INDRASWARI','','','Wiraswasta','','','','-','','','','','',0,'','0000-00-00','','2016-07-11','','2017-07-02 20:59:16',NULL,3,NULL,'Y'),(220,'0096468459','Ni Luh Putu Nayana Divyasaritha','Naya','P','Madiun','2009-03-06',2,9,'indonesia','Jl. gatsu 1A gg.Ujung Sari No.8 Denpasar','081239939419',0,0,'','',1,0,0,0,'','-','I Made Arianta','Farida Sarviya S.','','','-','','','','-','','','','','',0,'','0000-00-00','','2015-07-13','','2017-07-02 21:02:41',NULL,3,NULL,'Y'),(221,'0097834030','I MADE ADINATA SANJAYA','DUDE','L','DENPASAR','2009-07-03',2,8,'INDONESIA','JL. GUNUNG HIMALAYA 1C','087862366449',0,0,'','',2,0,0,0,'INDONESIA','-','I PUTU SUMERTA','NI PUTU BALIK LUVIADI','','','Wiraswasta','','','','-','','','','','',0,'','0000-00-00','','2016-07-11','','2017-07-02 21:05:32',NULL,3,NULL,'Y'),(222,'0095735809','Ketut Ayu Arinda Saraswati Dewi','Arinda','P','Denpasar','2009-03-07',2,9,'indonesia','Jl. Tunjung I/II Denpasar','08123813873',0,0,'','',1,0,0,0,'Indonesia','-','I Putu Wisudhantara','Gusti Ayu Idradewi','','','-','','','','-','','','','','',0,'','0000-00-00','','2015-07-13','','2017-07-02 21:07:48',NULL,3,NULL,'Y'),(223,'0099538980','Wayan adi Pratama','Adi','L','Denpasar','2009-03-25',2,9,'indonesia','Jl. Trengguli Gg. IV/IVb No.6','08123608550',0,0,'','',1,0,0,0,'Indonesia','-','Wayan Sudiana','Ni Nym Ayu Suryati','','','-','','','','-','','','','','',0,'','0000-00-00','','2015-07-13','','2017-07-02 21:12:26',NULL,3,NULL,'Y'),(224,'0097503813','DEETYA KUSUMAPUTRI NEGARA','DEETYA','P','ADELAIDE','2009-08-03',2,8,'','Jl. Sulatri Gg IV No. 2 Kesiman','081339509012',0,0,'','',1,0,0,0,'','-','I WAYAN SUKA NEGARA, SE AK, Macc&Finc','MEKEL PUTU AYU SEKAR SARI, Sst.Par','','','PNS','','','','-','','','','','',0,'','0000-00-00','','2016-07-11','','2017-07-02 21:13:14',NULL,3,NULL,'Y'),(225,'0095044015','Dewa Ayu Prasista Astara Artaman','Tita','P','Denpasar','2015-07-13',2,9,'indonesia','Jl. Subita No.15','',0,0,'','',1,0,0,0,'Indonesia','-','Dw Md Aris Artaman','Desak Made Lestari','','','-','','','','-','','','','','',0,'','0000-00-00','','2015-07-13','','2017-07-02 21:17:18',NULL,3,NULL,'Y'),(226,'0092597690','I GEDE YADRICCHA KUMARA','','L','TABANAN','2009-08-20',2,8,'','Griya Utama Permai D/ 3A Peguyangan Denpasar','08123996706',0,0,'','',0,0,0,0,'','-','I GD NGURAH DHARMA YUSADHANA','KADEK SRI JUMIARTINI','','','Pegawai Swasta','','','','-','','','','','',0,'','0000-00-00','','2016-07-11','','2017-07-02 21:20:00',NULL,3,NULL,'Y'),(227,'0091552374','NI PUTU PASEK PRATIWI INDIRA SARI','INDIRA','P','DENPASAR','2009-10-04',2,8,'','Jl. Cokroaminoto Gg. Sri No. 9 Denpasar','081353372844',0,0,'','',1,0,0,0,'','-','I NYOMAN GEDE ANDIKA','NI WAYAN PATMAWATI','','','ABRI','','','','-','','','','','',0,'','0000-00-00','','2016-07-11','','2017-07-02 21:26:00',NULL,3,NULL,'Y'),(228,'0096442335','Kadek Rusmala Pertiwi','Tiwi ','P','Denpasar ','2009-04-15',2,9,'indonesia','Jl. Padma No. 16 Denpasar','082144463522',0,0,'','',2,0,0,0,'','-','I Putu Suantara','Ni Ketut Ampi Ariani ','','','-','','','','-','','','','','',0,'','0000-00-00','','2015-07-13','','2017-07-02 21:28:03',NULL,3,NULL,'Y'),(229,'0099968564','I GUSTI NGURAH GIVEN ADITYA LANGI','ADITYA','L','DENPASAR','2009-10-10',2,8,'','JL. Bedahulu Blok XV / 18 Denpasar','0819999127565',0,0,'','',2,0,0,0,'','-','JEEN STEVIE STENLY LANGI','I GUSTI AYU MAHEKAYANTHI','','','Wiraswasta','','','','-','','','','','',0,'','0000-00-00','','2016-07-11','','2017-07-02 21:31:51',NULL,3,NULL,'Y'),(230,'0095742300','I Putu Andhika Pradnyana','Dhika','L','Gianyar','2009-04-24',2,9,'indonesia','Jl. Sekar Tunjung Gg.XVI No.99','08123650880 / 0',0,0,'','',1,0,0,0,'Indonesia','-','I Wayan Murtika','Ni Ketut Purnamawati','','','-','','','','-','','','','','',0,'','0000-00-00','','2015-07-13','','2017-07-02 21:33:52',NULL,3,NULL,'Y'),(231,'0093134679','Ni Putu Ratih Prima Dewi Wenten ','Prima','P','Denpasar','2009-08-27',2,9,'Indonesia','Jl. Belimbing No.16 Denpasar','087860211271',0,0,'','',1,0,0,0,'Indonesia','-','Made Sudarma','Kadek sulastri','','','-','','','','-','','','','','',0,'','0000-00-00','','2015-07-13','','2017-07-02 21:38:58',NULL,3,NULL,'Y'),(232,'0097300149','IDA BAGUS NYOMAN SATYAMUKTA DHARANA','GUS MANG','L','DENPASAR','2009-11-16',2,8,'','Jl. Trengguli Gg XII A No. 7 Denpasar','081338110811',0,0,'','',0,0,0,0,'','-','IDA BAGUS PUTU ADINATHA, AP. Msi','IDA AYU AGUNG SRI MARTINI, SE,Ak','','','PNS','','','','-','','','','','',0,'','0000-00-00','','2016-07-11','','2017-07-02 21:39:34',NULL,3,NULL,'Y'),(233,'0089932328','I Dewa Gde  Naruna abhijana Mardawa','Naruna','L','Denpasar','2008-09-24',2,9,'Indonesia','Jl. ayani Utara Perum Niki Mutiara Blok E/11','08133643744/ 03',0,0,'','',1,0,0,0,'Indonesia','-','I Dewa Gde Mahendra','Desak Kt Wiwik Eka W','','','-','','','','-','','','','','',0,'','0000-00-00','','2015-07-13','','2017-07-02 21:44:34',NULL,3,NULL,'Y'),(234,'0091649199','MADE ANANTA WIRYA NATA','ANANTA','L','DENPASAR','2009-11-22',2,8,'','Perumahan Taman Nangka Indah E18','081936214265',0,0,'','',2,0,0,0,'','-','I MADE ARTA WIRYASA, SE','PUTU AYU LINTANG SISILIA,SE','','','Pegawai Swasta','','','','-','','','','','',0,'','0000-00-00','','2016-07-11','','2017-07-02 21:45:05',NULL,3,NULL,'Y'),(235,'0099484748','I PUTU DEVA LEIMAILA KUSUMA','DEVA','L','DENPASAR','2009-12-03',2,8,'','Jl. Jepun Pipil Gg IX No. 2','08123945418',0,0,'','',1,0,0,0,'','-','I PUTU AOGASTAMA, SE.AK','IRA SUSANA DEWI,SE','','','Wiraswasta','','','','-','','','','','',0,'','0000-00-00','','2016-07-11','','2017-07-02 21:49:56',NULL,3,NULL,'Y'),(236,'0089842948','I Gusti Ayu Ratih Kususma Dewi ','Ayu Ratih ','P','Gianyar','2008-11-13',2,9,'Indonesia','Jl. padma Gg.VIIA No.2 Penatih','081236105198',0,0,'','',1,0,0,0,'Indonesia','-','IGN Aryana Putra','Komang Asri Wahyuni','','','-','','','','-','','','','','',0,'','0000-00-00','','2015-07-13','','2017-07-02 21:50:43',NULL,3,NULL,'Y'),(237,'0099123816','PUTU GALANG PUTRA DEWANTARA','GALANG','L','TABANAN','2009-12-08',2,8,'','Jl. Taman Lembu Sura Kav 1 No.8 Ubung','08123603183',0,0,'','',1,0,0,0,'','-','WAYAN SUJANA','NI MADE ANGGRAINI TIRTANINGSIH','','','Wiraswasta','','','','-','','','','','',0,'','0000-00-00','','2016-07-11','','2017-07-03 06:23:33',NULL,3,NULL,'Y'),(238,'0103755437','I.G.N.A ABHIGAMIKA HARRYPANA','TURAH','L','DENPASAR','2010-01-20',2,8,'','Jl. Noja Gg XXI No. 3 Denpasar','08123762306',0,0,'','',2,0,0,0,'','-','dr. I G N GEDE HARRYPANA','A.A AYU MAHAYUNI','','','PNS','','','','-','','','','','',0,'','0000-00-00','','2016-07-11','','2017-07-03 06:28:10',NULL,3,NULL,'Y'),(239,'0101756640','PUTU AMANDA PRAMESWARI','AMANDA','P','DENPASAR','2010-02-04',2,8,'','Jl. Subak Dalem IA Perum Taman Gatsu No.4','081805636209',0,0,'','',1,0,0,0,'','-','I MADE KUSUMA NEGARA',' I DESAK PUTU KARTIKA PATIWI','','','PNS','','','','-','','','','','',0,'','0000-00-00','','2016-07-11','','2017-07-03 06:32:34',NULL,3,NULL,'Y'),(240,'0102735420','PUTU PRADA OPRADNYADHITA','PRADA','P','DENPASAR','2010-02-04',2,8,'','Jl. Nuansa Hijau utama Gg XXVI No. 11A','081338044924',0,0,'','',1,0,0,0,'','-','EKO ADI PRASETYO','KOMANG DINA DARINA','','','Pegawai Swasta','','','','-','','','','','',0,'','0000-00-00','','2016-07-11','','2017-07-03 06:37:25',NULL,3,NULL,'Y'),(241,'0101340208','I PUTU BAGUS BAYU PERDANA','BAYU','L','DENPASAR','2010-02-27',2,8,'','Jl. Nangka Permai II No. 6','087761180298',0,0,'','',0,0,0,0,'','-','I GEDE SUARDANA','KADEK PRADNYWATI','','','Wiraswasta','','','','-','','','','','',0,'','0000-00-00','','2016-07-11','','2017-07-03 06:41:48',NULL,3,NULL,'Y'),(242,'0108295023','IDA AYU GITASWARI MAHARANI','GEK GITA','P','DENPASAR','2010-03-21',2,8,'','Jl. Noja No. 71 Kesiman Denpasar','0361265342',0,0,'','',1,0,0,0,'','-','IDA BAGUS MADE SURAWAN','IDA AYU PUTU JUNIAWATI','','','Pegawai Swasta','','','','-','','','','','',0,'','0000-00-00','','2016-07-11','','2017-07-03 06:45:26',NULL,3,NULL,'Y'),(243,'0106189091','PUTU PUTRA DAIVA KRISNAMURTI','DAIVA','L','DENPASAR','2010-03-24',2,8,'','Jl. A Yani Gg Satriya No. !5 Denpasar','081805380100',0,0,'','',1,0,0,0,'','-','NYOMAN ADI KRISNAMURTI','KADEK HENY HENDRAWATI','','','PNS','','','','-','','','','','',0,'','0000-00-00','','2016-07-11','','2017-07-03 06:50:11',NULL,3,NULL,'Y'),(244,'0108996887','I WAYAN ADITYAWAN NARARYA','DITYA','L','POYAN','2010-04-10',2,8,'','Jl. Nangka Utara Gg Bekisar No. 3','081237654552',0,0,'','',1,0,0,0,'','-','I WAYAN SUARTAWAN','SITI SALAMAH','','','Pegawai Swasta','','','','-','','','','','',0,'','0000-00-00','','2016-07-11','','2017-07-03 06:54:08',NULL,3,NULL,'Y'),(245,'0108124884','PUTU BAGUS GILANG NARENDRA','GUILANG','L','DENPASAR','2010-04-23',2,8,'','Br. Sangging Sibangkaja Abiansemal','0817457878',0,0,'','',1,0,0,0,'','-','I GEDE MADE SUARJANA','G A CHANDRA DEWI','','','Pegawai Swasta','','','','-','','','','','',0,'','0000-00-00','','2016-07-11','','2017-07-03 06:58:32',NULL,3,NULL,'Y'),(246,'0103431614','ANAK AGUNG NGURAH YURO KARINDRA PANJI','YURO','L','DENPASAR','2010-04-28',2,8,'','BTN Nangka Permai No.d/6','081399220076',0,0,'','',2,0,0,0,'','-','ANAK AGUNG NGURAH WAHYU RAHARJA PANJI','NI PUTU EKA PRIHATINI','','','Pegawai Swasta','','','','-','','','','','',0,'','0000-00-00','','2016-07-11','','2017-07-03 07:03:08',NULL,3,NULL,'Y'),(247,'0103899512','I GEDE NEVAN PREMA ADI PUTRA','NEVAN','L','DENPASAR','2010-05-18',2,8,'','Jl. gandapura No. 35 Kesiman Denpasar','0897089555',0,0,'','',1,0,0,0,'','-','I PUTU ADI SAPUTRA','NI MADE SUTIARI','','','Wiraswasta','','','','-','','','','','',0,'','0000-00-00','','2016-07-11','','2017-07-03 07:06:50',NULL,3,NULL,'Y'),(248,'0106594336','I GUSTI NGURAH AGUNG HIRAKA NARENDRANATHA','WAH RAKA','L','DENPASAR','2010-05-23',2,8,'','Jl. Tanjung II No. 7 Denpasar','083847895758',0,0,'','',1,0,0,0,'','-','I GUSTI NGURAH AGUNG SURYADINATA, SH','IDA AGUNG AYU NOVI JAYANTI, A.Md. Kep','','','PNS','','','','-','','','','','',0,'','0000-00-00','','2016-07-11','','2017-07-03 07:11:14',NULL,3,NULL,'Y'),(249,'0105898059','KADEK SANTHAKA KARAWESA','SANTHA','L','SINGARAJA','2010-05-29',5,8,'','Perum Nuansa Hijau Utama XVI No. 5B Ubung','',0,0,'','',2,0,0,0,'','-','KETUT SUARDIKA YUDANA ','DINA AYU ANGGRAENI','','','Pegawai Swasta','','','','-','','','','','',0,'','0000-00-00','','2016-07-11','','2017-07-03 07:14:58',NULL,3,NULL,'Y'),(250,'0109568053','NI KOMANG ANINDYA PARAMITHA SHANTI','MITA','P','DENPASAR','2010-06-02',2,8,'','Jl. Sekar tunjung XI Gg 1','081338702115',0,0,'','',3,0,0,0,'','-','I PUTU EDI SUWENDRA','NI KETUT PANDE SARJANI','','','Wiraswasta','','','','-','','','','','',0,'','0000-00-00','','2016-07-11','','2017-07-03 07:18:41',NULL,3,NULL,'Y'),(251,'0104576992','NI MADE CHIARA NARAYA PUTRI','CHIARA','P','TANGGERANG','2010-06-30',2,8,'','Jl. Kemuda III No. 1 Tegeh Kuri','0819323322679',0,0,'','',2,0,0,0,'','-','I GEDE ARYA DHARMA P','DILIANI TRI OKTAVIA','','','Pegawai Swasta','','','','-','','','','','',0,'','0000-00-00','','2016-07-11','','2017-07-03 07:22:17',NULL,3,NULL,'Y'),(252,'0109524032','NI PUTU NANDITA GANDIRA HIMAWAN','NANDITA','P','DENPASAR','2010-07-05',2,8,'','Cempaka Sari Residence B.8','081861509557',0,0,'','',1,0,0,0,'','-','GANDA HIMAWAN','MIRAH WEDASARI','','','PNS','','','','-','','','','','',0,'','0000-00-00','','2016-07-11','','2017-07-03 07:26:02',NULL,3,NULL,'Y'),(253,'0095815585','LUH GEDE RAI ANINDYA PRAMESTI DEWI','ANINDYA','P','DENPASAR','2009-09-02',2,8,'INDONESIA','JL. BATUYANG GANG BANGAU 11 NO. 8 SUKAWATI','',0,0,'','',1,0,0,0,'INDONESIA','Orang Tua','I GEDE AGUSTINA, S.Sn','PUTU DESI EKAYANTHI, S.Sos','','','Pegawai Swasta','','','','-','','','','','',0,'','0000-00-00','','2016-07-11','','2017-07-03 07:26:20','2017-07-03 21:02:08',3,3,'N'),(254,'0106333764','I NYOMAN TRISNA MENDRA NARADHAM','TRISNA','L','DENPASAR','2010-07-24',2,8,'','Jl. Irawan Gg II No. 16 Ubung Kaja','087761015956',0,0,'','',3,0,0,0,'','-',' I NYOMAN MERTAYASA','NI MADE ENDRA ARMINI','','','Wiraswasta','','','','-','','','','','',0,'','0000-00-00','','2016-07-11','','2017-07-03 07:29:24',NULL,3,NULL,'Y'),(255,'0097005804','I MADE ARVIND DHARMAJA','ARVIND','L','DENPASAR','2009-09-04',2,8,'INDONESIA','Br. MUKTI SINGAPADU','',0,0,'','',0,0,0,0,'INDONESIA','-','I KETUT GDE CITRA DARMAJA','LUH PUTU AYU DEVY SUSANTI','','','Wiraswasta','','','','-','','','','','',0,'','0000-00-00','','2016-07-11','','2017-07-03 07:30:05','2017-07-03 21:02:24',3,3,'N'),(256,'0109528044','IDA BAGUS PUTRA MAHA ARDIKA NAYANA ','GUS DIKA ','L','DENPASAR','2010-08-17',2,8,'','Jl. Kebo Iwa Utara III Gg Intan No. 9','081338522358',0,0,'','',1,0,0,0,'','-','IDA BAGUS NYOMAN SARPAYANA','IDA AYU TRISNA WULAN','','','Pegawai Swasta','','','','-','','','','','',0,'','0000-00-00','','2016-07-11','','2017-07-03 07:33:01',NULL,3,NULL,'Y'),(257,'0091882261','KADEK ACHALA DESTIKAYONI','CACA','P','JAKARTA','2009-10-04',2,8,'INDONESIA','JL. BATU SARI 1 NO. 4 RENON','',0,0,'','',2,0,0,0,'INDONESIA','-','I KETUT SUASTIKA','DESI HARYANTI','','','Pegawai Swasta','','','','-','','','','','',0,'','0000-00-00','','2016-07-11','','2017-07-03 07:33:06','2017-07-03 21:02:55',3,3,'N'),(258,'0094234771','PUTU AGUNG DARREL WIRA ARIAWAN','DARREL','L','DENPASAR','2009-10-08',2,8,'INDONESIA','JL. SUBAK DALEM GANG VIII/8D','',0,0,'','',1,0,0,0,'INDONESIA','-','I PUTU EDY ARYAWAN','NYOMAN TRI ARI SUSANTHY','','','Pegawai Swasta','','','','-','','','','','',0,'','0000-00-00','','2016-07-11','','2017-07-03 07:37:29','2017-07-03 21:03:10',3,3,'N'),(259,'0094879718','PUTRI NINDYA DANISWARA','NINDYA','P','DENPASAR','2009-10-15',2,8,'','JL. WIJAYA KUSUMA I/IIC DENPASAR','',0,0,'','',1,0,0,0,'INDONESIA','-','I NYOMAN SURIANTHA','NI WAYAN ERNAWATI, SE','','','Pegawai Swasta','','','','-','','','','','',0,'','0000-00-00','','2016-07-11','','2017-07-03 07:40:46','2017-07-03 21:03:32',3,3,'N'),(260,'0092133984','NI PUTU GITA KARTIKA SARI ANJANI','GITA','P','DENPASAR','2009-10-28',2,8,'INDONESIA','JL. KECUBUNG GANG CEMPAKA NO. 3/5','',0,0,'','',1,0,0,0,'INDONESIA','-','I NYOMAN TRIYUDANA, SE','NI NYOMAN ALIT FRIDAYANI, SE','','','Pegawai Swasta','','','','-','','','','','',0,'','0000-00-00','','2016-07-11','','2017-07-03 07:44:31','2017-07-03 21:03:48',3,3,'N'),(261,'0093759262','MADE INDRAYANA NANDA PUTRA','INDRA','L','DENPASAR','2009-12-11',2,8,'INDONESIA','JL. DEWI SUPRABA VI NO.4','081916651808',0,0,'','',2,0,0,0,'INDONESIA','-','I PUTU BAYU HARPENDINA ','NI PUTU EKA NIA DEDEWIDIASIH','','','ABRI','','','','-','','','','','',0,'','0000-00-00','','2016-07-11','','2017-07-03 07:50:30',NULL,3,NULL,'Y'),(262,'0091649406','PUTU BAGUS REYHAN PANDITHA','REYHAN','L','DENPASAR','2009-12-15',2,8,'INDONESIA','JL. NANGKA GANG BELIBIS 43 DENPASAR','087760177766',0,0,'','',1,0,0,0,'INDONESIA','-','I WAYAN SUBANDI','NI MADE WAHYU SUGIHARTINI','','','Pegawai Swasta','','','','-','','','','','',0,'','0000-00-00','','2016-07-11','','2017-07-03 07:54:29',NULL,3,NULL,'Y'),(263,'0108167501','DESAK MADE ANINDITA PUTRI MAHARANI','ANIN','P','DENPASAR','2010-01-18',2,8,'INDONESIA','JL. TRIJATA I/II','081236055553',0,0,'','',2,0,0,0,'INDONESIA','-','NGAKAN KETUT PUTRA DHARMAWANI ','DESAK KETUT KARTINI','','','Pegawai Swasta','','','','-','','','','','',0,'','0000-00-00','','2016-07-11','','2017-07-03 08:01:41',NULL,3,NULL,'Y'),(264,'0101611997','I GUSTI NGURAH AGUNG TARENDRA SATRYASA','TARENDRA','L','DENPASAR','2010-01-20',2,8,'INDONESIA','JL. ANTASURA GANG CEMARA NO. 1 X','8584009',0,0,'','',1,0,0,0,'','-','I GUSTI NGURAH ALIT YASA','PUTU DEWI INDRAYANI','','','Pegawai Swasta','','','','-','','','','','',0,'','0000-00-00','','2016-07-11','','2017-07-05 05:17:30',NULL,3,NULL,'Y'),(265,'0101762845','PUTU SHINTA ADNYANI PUTRI','SHINTA','P','DENPASAR','2010-01-23',2,8,'INDONESIA','JL. SULATRI GANG 30 TEMBAU - DENPASAR','081933002876/08',0,0,'','',1,0,0,0,'','-','KETUT SUADNYANA PUTRA','PUTU ANGGRENI','','','Wiraswasta','','','','Wiraswasta','','','','','',0,'','0000-00-00','','2016-07-11','','2017-07-05 05:21:01',NULL,3,NULL,'Y'),(266,'0102616336','ANAK AGUNG GDE ADITYA PARAMA ARTHA','GUNGDE','L','DENPASAR','2010-01-24',2,8,'INDONESIA','JL. GATOT SUBROTO I GANG XXIII NO. 30 DENPASAR','085965965410',0,0,'','',1,0,0,0,'','-','ANAK AGUNG GDE AG DIANA DHARMIKA','DEWA AYU DWI MULYANI PUTRI','','','Pegawai Swasta','','','','-','','','','','',0,'','0000-00-00','','2016-07-11','','2017-07-05 05:24:53',NULL,3,NULL,'Y'),(267,'0106985366','MADE AYU PUTRI ARUNDHATI','DHATI','P','JAKARTA','2010-02-03',2,8,'INDONESIA','JL. KENYERI NO. 15 DENPASAR','0361262078',0,0,'','',6,0,0,0,'','-','NYOMAN DHAMANTRA','LAURA SASTRODIHARJO','','','Wiraswasta','','','','-','','','','','',0,'','0000-00-00','','2016-07-11','','2017-07-05 05:27:58',NULL,3,NULL,'Y'),(268,'0104763158','ANAK AGUNG YARA KANIA ANGELINA','GUNG KANIA','P','DENPASAR','2010-02-20',2,8,'','JL. IMAM BONJOL GANG I NO. 1C','087861438201',0,0,'','',1,0,0,0,'','-','ANAK AGUNG PUTU ARI JOPI','KADEK DWI YULIANTINI','','','Pegawai Swasta','','','','-','','','','','',0,'','0000-00-00','','2016-07-11','','2017-07-05 05:31:02',NULL,3,NULL,'Y'),(269,'0106984768','IDA AYU BINTANG ANINDYA PRANANDITHA','GEK BINTANG','P','DENPASAR','2010-05-02',2,8,'INDONESIA','Br. GERIYA CIWA BATUAN','081805678642/08',0,0,'','',1,0,0,0,'','-','IDA BAGUS MADE WIJAYA PUTRA','NI WAYAN FARIDA SRI UTAMI, SE','','','Pegawai Swasta','','','','-','','','','','',0,'','0000-00-00','','2016-07-11','','2017-07-05 05:35:33',NULL,3,NULL,'Y'),(270,'0101484288','GEDE KRISNA SATRIA PUTRA','KRISNA','L','DENPASAR','2010-06-05',2,8,'','JL. SEROJA GANG BELIMBING NO. 2','081239160038',0,0,'','',1,0,0,0,'','-','MADE WISHNU MAHENDRA','KETUT MARITA WIDYASARI PUSPITA','','','Pegawai Swasta','','','','-','','','','','',0,'','0000-00-00','','2016-07-11','','2017-07-05 05:38:18',NULL,3,NULL,'Y'),(271,'0101964072','IDA AYU PUTU WIDYADHANA GAYATRI','DAYU GAYATRI','P','DENPASAR','2010-06-16',2,8,'','JL. GATOT SUBROTO I / VII  / 6 DENPASAR','0361434337 / 08',0,0,'','',1,0,0,0,'','-','IDA BAGUS MAHAYADNYA','IDA AYU PUTU UTAMI','','','Pegawai Swasta','','','','-','','','','','',0,'','0000-00-00','','2016-07-11','','2017-07-05 05:41:41',NULL,3,NULL,'Y'),(272,'0109750503','NI MADE NABILA KESYA SAPUTRI','NABILA','P','DENPASAR','2010-06-16',2,8,'','JL. KENYERI NO. 98 DENPASAR','03617871233',0,0,'','',2,0,0,0,'','-','I PUTU PUTRAWAN','LUH KETUT SUPRIANI','','','Wiraswasta','','','','-','','','','','',0,'','0000-00-00','','2016-07-11','','2017-07-05 05:44:30',NULL,3,NULL,'Y'),(273,'0107113438','I NYOMAN DHARMA DANANJAYA','DANAN','L','DENPASAR','2010-06-21',2,8,'','JL. SANDAT GANG SANDAT 5 NO. 8 DENPASAR','',0,0,'','',3,0,0,0,'','-','I KETUT WIDIASTAWA','I GUSTI AYU SWARTININGSIH','','','Wiraswasta','','','','-','','','','','',0,'','0000-00-00','','2016-07-11','','2017-07-05 05:47:09',NULL,3,NULL,'Y'),(274,'0103451826','IDA BAGUS SINDHU YOGISWARA','YOGI','L','DENPASAR','2010-06-23',2,8,'','DESA BURUAN, BLAHBATUH GIANYAR','082144907558',0,0,'','',2,0,0,0,'','-','IDA BAGUS PUTRA DIYAYI, S.Ag','IDA AYU LISTIA DEWI Sp.M.Agb','','','PNS','','','','-','','','','','',0,'','0000-00-00','','2016-07-11','','2017-07-05 05:51:04',NULL,3,NULL,'Y'),(275,'0105467052','PUTU ADITYA SVETA WIATMAKA','ADIT','L','DENPASAR','2010-06-25',2,8,'','JL. PADMA GANG I A1 NO. 7','087761343999 / ',0,0,'','',1,0,0,0,'','-','GEDE PUTU SUSILA ATMAKA','NI NYOMAN WIRA NURHAYATI','','','Pegawai Swasta','','','','-','','','','','',0,'','0000-00-00','','2016-07-11','','2017-07-05 05:56:02',NULL,3,NULL,'Y'),(276,'0109401688','PUTU MASAKI','MASAKI','L','DENPASAR','2010-06-30',2,8,'','JL. BEDAHULU 24 NO. 5 DENPASAR','0361413232 / 01',0,0,'','',1,0,0,0,'','-','MADE YASA','MEGUMI HOMMA','','','Wiraswasta','','','','-','','','','','',0,'','0000-00-00','','2016-07-11','','2017-07-05 05:58:53',NULL,3,NULL,'Y'),(277,'0109668987','KADEK JESSICA MAHESWARI','JESSICA','P','DENPASAR','2010-07-06',2,8,'','JL. PERUM TAMAN LEMBU SORA KAV. II / BV','081999896002',0,0,'','',2,0,0,0,'','-','I PUTU JERRY REAGAN KURNIAWAN','LUH PUTU NARISWARI','','','Wiraswasta','','','','-','','','','','',0,'','0000-00-00','','2016-07-11','','2017-07-05 06:01:47',NULL,3,NULL,'Y'),(278,'0101835246','ANAK AGUNG PUTRA OSTARRICHI KEPAKISAN','OSTAR','L','DENPASAR','2010-07-10',2,8,'','JL. SRI KARYA NO. 12 Br. KRENENG KAJA DENPASAR','0361231146 / 08',0,0,'','',1,0,0,0,'','-','ANAK AGUNG GEDE TRISNA KEPAKISAN','NI LUH EKA SADYANI ','','','Pegawai Swasta','','','','-','','','','','',0,'','0000-00-00','','2016-07-11','','2017-07-05 06:04:59',NULL,3,NULL,'Y'),(279,'0105879994','PUTU NIRA DHIDAMA PUTI','NIRA','P','DENPASAR','2010-07-17',2,8,'','JL. PERTULAKA TIMUR NO. 2 DENPASAR / JL. ANTASURA 1 NO. 27 DENPASAR','081238174778',0,0,'','',1,0,0,0,'','-','MADE ADHI PRABAWA PUTRA, ST','NI KOMANG DAMAYANTI','','','Pegawai Swasta','','','','-','','','','','',0,'','0000-00-00','','2016-07-11','','2017-07-05 06:09:45',NULL,3,NULL,'Y'),(280,'0107494795','I GUSTI BAGUS ANGGA DWIPAYANA','BAGUS ANGGA','L','DENPASAR','2010-07-17',2,8,'','JL. GATSU IV-21 DENPASAR','03618956874',0,0,'','',4,0,0,0,'','-','I GUSTI DWIATMAJA','KETUT SULASMINI','','','Wiraswasta','','','','-','','','','','',0,'','0000-00-00','','2016-07-11','','2017-07-05 06:12:42',NULL,3,NULL,'Y'),(281,'0108260511','ANAK AGUNG GDE EVANDITHA HARDIAWAN','EVAN','L','DENPASAR','2010-08-29',2,8,'','JL. TRENGGULI GANG IV B I BLOK A NO. 17','081805539739 / ',0,0,'','',1,0,0,0,'','-','ANAK AGUNG GDE INDRA HARDIAWAN','NI KOMANG KARTIKA APRILIANI','','','PNS','','','','-','','','','','',0,'','0000-00-00','','2016-07-11','','2017-07-05 06:15:47',NULL,3,NULL,'Y'),(282,'0083279401','Putu Bayu Kusuma Dimitri','Bayu','L','Denpasar','2008-12-18',2,9,'Indonesia','Jl. Lembusura Gg.IV No.5 Denpasar.','0812467530',0,0,'','',1,0,0,0,'Indonesia','-','I Km Supel Gunarta','Luh Pt Ayu Supriati','','','-','','','','-','','','','','',0,'','0000-00-00','','2015-07-13','','2017-07-08 21:45:36',NULL,3,NULL,'Y'),(283,'0096082868','Ni Kadek Dellya Chalista Wistara','Icha','P','Denpasar','2009-03-16',2,9,'','Jl. Sekar Jepun VI No.44 Gatsu Timur','',0,0,'','',2,0,0,0,'','-','Nyoman Suprapta Winaya','Ni Made Supadmi Ariani','','','-','','','','-','','','','','',0,'','0000-00-00','','2015-07-13','','2017-07-08 21:52:54',NULL,3,NULL,'Y'),(284,'0093543739','Ni Putu Shofia Grestina','Shofi','P','Denpasar','2009-06-05',2,9,'Indonesia','Jl. Cekomaria gg.Banteng V No.12','083119620861',0,0,'','',0,0,0,0,'Indonesia','-','I Nyoman Udana S.Ag','Ni Km Mas Septu H A','','','-','','','','-','','','','','',0,'','0000-00-00','','2015-07-13','','2017-07-08 21:57:27',NULL,3,NULL,'Y'),(285,'0095369312','A.A.Sg.Anjani Pratiwi','Tu Jung Anjani','P','Denpasar','2008-11-10',2,9,'Indonesia','Jl. Cok Agung Tresna No.53 Denpasar','082147919260',0,0,'','',0,0,0,0,'Indonesia','-','A.A.Ngr Suryawinatha','Putu Sri Mulyaningsih','','','-','','','','-','','','','','',0,'','0000-00-00','','2015-07-13','','2017-07-08 22:03:48',NULL,3,NULL,'Y'),(286,'0086274105','Putu Cornelia Mahendrayana','Cornelia','P','Denpasar','2008-10-31',2,9,'Indonesia','Jl. Soka Gg.III No.4 Kesiman','081805520836',0,0,'','',0,0,0,0,'Indonesia','-','Made Dimas M','Ni kadek Dewi H','','','-','','','','-','','','','','',0,'','0000-00-00','','2015-07-13','','2017-07-08 22:08:19',NULL,3,NULL,'Y'),(287,'0085795775','Putu Ratih Nindiana Putri','Nindi','L','Denpasar','2009-10-14',2,9,'Indonesia','Jl. Dewi supraba VI, No.14 Nangka Utara','081999571333',0,0,'','',0,0,0,0,'Indonesia','-','Ni Putu Bayu Harpendina','Ni Pt Eka Nia D','','','-','','','','-','','','','','',0,'','0000-00-00','','2015-07-13','','2017-07-08 22:12:41',NULL,3,NULL,'Y'),(288,'0092474101','Gede wirya Subawa Adhiwinata','Denatha','L','Denpasar','2009-01-24',2,9,'','Jl. Pertukala Gg.Cempaka II No.15','08123608251',0,0,'','',0,0,0,0,'Indonesia','-','Kd Kuna Sastrawidaya','Nyoman evi Handayani','','','-','','','','-','','','','','',0,'','0000-00-00','','2015-07-13','','2017-07-08 22:22:47',NULL,3,NULL,'Y'),(289,'0093832669','Ni Komang Dellia Berliana Prananda','Dellia','L','Klungkung','2009-02-05',2,9,'indonesia','Lingkungan Padang Udayana Gg.IV B 37','087760133873',0,0,'','',3,0,0,0,'Indonesia','-','I Komang Subagiana','Ni Putu Desmiari','','','-','','','','-','','','','','',0,'','0000-00-00','','2015-07-13','','2017-07-08 22:27:01',NULL,3,NULL,'Y'),(290,'0095054767','I Gst A Ayu Valentina Diah Maharani','Gek rani','P','Denpasar','2009-02-14',2,9,'Indonesia','Jl. gatot Subroto IV','08123610612',0,0,'','',3,0,0,0,'Indonesia','-','I G Nym Kartika Dwi A','Ni Ketut Sulasmini ','','','-','','','','-','','','','','',0,'','0000-00-00','','2015-07-13','','2017-07-08 22:31:42',NULL,3,NULL,'Y'),(291,'0097516970','Made Naira Satyarani','Naira','L','Royal North','2009-02-28',2,9,'','Jl. gatot subroto IV blok 9 gg.1/1 Dentim','081916791949',0,0,'','',0,0,0,0,'','-','I Kt Gde Srijaya','Putu ery Setianingsih','','','-','','','','-','','','','','',0,'','0000-00-00','','2015-07-13','','2017-07-08 22:36:14',NULL,3,NULL,'Y'),(292,'0097855458','Ngurah Bagoes Satya Dila Sadhu','Bagoes','L','Denpasar','2009-05-31',2,9,'','Jl. Kenyeri No.85 Denpasar','085738181266',0,0,'','',1,0,0,0,'','-','I Made Tirta jati','Nym Ayu sri Ratih P','','','-','','','','-','','','','','',0,'','0000-00-00','','2015-07-13','','2017-07-08 22:40:54',NULL,3,NULL,'Y'),(293,'0097769783','Pande Komang galang Putra Mahendra','Galang','L','Denpasar','2009-06-02',2,9,'','Jl. Veteran gg.III No.2','082146149567',0,0,'','',0,0,0,0,'','-','Putu Oka mahendra','Ruth Setyawati','','','-','','','','-','','','','','',0,'','0000-00-00','','2015-07-13','','2017-07-08 22:48:46',NULL,3,NULL,'Y'),(294,'0093703588','I Gede Andhika Wiryanata','Dhika','L','Palu','2009-06-16',2,9,'','jl. Siulan Gg. Leli No.8 Tohpati','081338654615',0,0,'','',0,0,0,0,'Indonesia','-','I Made Karma Wiryana','Ni Nym Marleni','','','-','','','','-','','','','','',0,'','0000-00-00','','2015-07-13','','2017-07-08 22:52:45',NULL,3,NULL,'Y'),(295,'0098339168','Komang Andri Vandita Mahotama','Andri','L','Denpasar','2009-06-22',2,9,'','jl.Nuansa Kori V/6 Ubung','081916300531',0,0,'','',0,0,0,0,'','-','Km Gede Triwibawa','Desa Km Mirah S','','','-','','','','-','','','','','',0,'','0000-00-00','','2015-07-13','','2017-07-08 22:55:52',NULL,3,NULL,'Y'),(296,'0092738111','Putu Kayla Alvina Putri','Kayla','P','Denpasar','2009-07-28',2,9,'','Perum Dosen Kopertis Will VIII','081338541309',0,0,'','',0,0,0,0,'','-','i wyn agus Suksma W','Putu Krisma handayani','','','-','','','','-','','','','','',0,'','0000-00-00','','2015-07-13','','2017-07-08 23:06:59',NULL,3,NULL,'Y'),(297,'0097421876','Ni Made Praba Jelita Mutiara Rimbawan','Praba','L','Denpasar','2009-08-18',2,9,'','Jln Batuyang Gg.Elang No.37 batubulan','082145365552',0,0,'','',2,0,0,0,'','-','Agus Leo Rimbawan','Ni Nyoman Dewi Lestari andayani','','','-','','','','-','','','','','',0,'','0000-00-00','','2015-07-13','','2017-07-08 23:51:13',NULL,3,NULL,'Y'),(298,'S2010030456','SISWA DUMMY','SISWA DUMMY','L','Ginanjar','1978-07-14',1,10,'i','Jalan Bed Ngandang no 90XXX','747474',90,123,'J','32',6,127,0,0,'g','Menumpang','MADE','KENTUT','s','s','ABRI','s','w','kandung','Nelayan','murid','cd','dcdc','cd','cd',0,'cd','2017-07-06','cd','2017-07-25','cd','2017-07-25 03:46:18',NULL,3,NULL,'Y');

/*Table structure for table `m_system_parameter` */

DROP TABLE IF EXISTS `m_system_parameter`;

CREATE TABLE `m_system_parameter` (
  `key` varchar(100) COLLATE utf8_unicode_ci NOT NULL COMMENT 'Parameter key in uppercase!',
  `value` varchar(255) COLLATE utf8_unicode_ci NOT NULL,
  `description` varchar(50) COLLATE utf8_unicode_ci DEFAULT NULL,
  `group` varchar(25) COLLATE utf8_unicode_ci DEFAULT NULL COMMENT 'Parameter group',
  PRIMARY KEY (`key`)
) ENGINE=InnoDB DEFAULT CHARSET=utf8 COLLATE=utf8_unicode_ci;

/*Data for the table `m_system_parameter` */

insert  into `m_system_parameter`(`key`,`value`,`description`,`group`) values ('COMPANY_ADDRESS','Jl. Kenyeri No. 132 B Denpasar',NULL,'COMPANY_INFO'),('COMPANY_CLASSES','PLAYGROUP-TK-SD',NULL,'COMPANY_INFO'),('COMPANY_EMAIL','insan_prestasi_school@yahoo.com',NULL,'COMPANY_INFO'),('COMPANY_FAX','0361-224394',NULL,'COMPANY_INFO'),('COMPANY_FOUNDATION','YAYASAN PUTRA TARUKAN',NULL,'COMPANY_INFO'),('COMPANY_NAME','Insan Prestasi School','Nama perusahaan','COMPANY_INFO'),('COMPANY_PHONE','0361-236508, 0361-224394',NULL,'COMPANY_INFO'),('TRX_TYPE_BAYAR_GAJI','3','Kode Type Trx Gaji','COMPANY_INFO'),('TRX_TYPE_KASBON_C','8','Pencatatan kasbon pegawai',NULL),('TRX_TYPE_KASBON_D','9','Pencatatan pengembalian kasbon pegawai',NULL),('TRX_TYPE_SALDO_AWAL','1','Saldo Awal ID','COMPANY_INFO'),('TRX_TYPE_SPP','2','Kode Type Trx SPP','COMPANY_INFO');

/*Table structure for table `sec_ci_sessions` */

DROP TABLE IF EXISTS `sec_ci_sessions`;

CREATE TABLE `sec_ci_sessions` (
  `id` varchar(40) COLLATE utf8_unicode_ci NOT NULL,
  `ip_address` varchar(45) COLLATE utf8_unicode_ci NOT NULL,
  `timestamp` int(10) unsigned NOT NULL DEFAULT '0',
  `data` blob NOT NULL,
  PRIMARY KEY (`id`),
  KEY `ci_sessions_timestamp` (`timestamp`)
) ENGINE=InnoDB DEFAULT CHARSET=utf8 COLLATE=utf8_unicode_ci;

/*Data for the table `sec_ci_sessions` */

insert  into `sec_ci_sessions`(`id`,`ip_address`,`timestamp`,`data`) values ('0361afeef47076b935b8e94394c5859ee92ce2e6','::1',1506502233,'__ci_last_regenerate|i:1506501548;userData|a:7:{s:2:\"id\";s:1:\"1\";s:8:\"username\";s:12:\"eka.darmawan\";s:8:\"password\";s:32:\"25980432549739cb36e057827697c925\";s:4:\"name\";s:12:\"Eka Darmawan\";s:9:\"id_number\";s:13:\"1234567890022\";s:15:\"granted_modules\";a:5:{i:0;O:8:\"stdClass\":6:{s:2:\"id\";s:2:\"17\";s:9:\"parent_id\";N;s:10:\"class_name\";s:13:\"sia_dashboard\";s:7:\"caption\";s:9:\"Dashboard\";s:4:\"icon\";s:12:\"fa-dashboard\";s:8:\"children\";a:0:{}}i:1;O:8:\"stdClass\":6:{s:2:\"id\";s:2:\"13\";s:9:\"parent_id\";N;s:10:\"class_name\";N;s:7:\"caption\";s:15:\"System Settings\";s:4:\"icon\";s:9:\"fa-folder\";s:8:\"children\";a:3:{i:0;O:8:\"stdClass\":6:{s:2:\"id\";s:1:\"7\";s:9:\"parent_id\";s:2:\"13\";s:10:\"class_name\";s:19:\"sia_posting_profile\";s:7:\"caption\";s:15:\"Posting Profile\";s:4:\"icon\";s:7:\"fa-link\";s:8:\"children\";a:0:{}}i:1;O:8:\"stdClass\":6:{s:2:\"id\";s:2:\"18\";s:9:\"parent_id\";s:2:\"13\";s:10:\"class_name\";s:9:\"sia_users\";s:7:\"caption\";s:13:\"User Aplikasi\";s:4:\"icon\";s:7:\"fa-user\";s:8:\"children\";a:0:{}}i:2;O:8:\"stdClass\":6:{s:2:\"id\";s:2:\"29\";s:9:\"parent_id\";s:2:\"13\";s:10:\"class_name\";s:26:\"sia_student_grade_mutation\";s:7:\"caption\";s:16:\"Kenaikan Jenjang\";s:4:\"icon\";s:17:\"fa-graduation-cap\";s:8:\"children\";a:0:{}}}}i:2;O:8:\"stdClass\":6:{s:2:\"id\";s:2:\"14\";s:9:\"parent_id\";N;s:10:\"class_name\";N;s:7:\"caption\";s:11:\"Master Data\";s:4:\"icon\";s:9:\"fa-folder\";s:8:\"children\";a:5:{i:0;O:8:\"stdClass\":6:{s:2:\"id\";s:1:\"1\";s:9:\"parent_id\";s:2:\"14\";s:10:\"class_name\";s:12:\"sia_students\";s:7:\"caption\";s:5:\"Siswa\";s:4:\"icon\";s:17:\"fa-graduation-cap\";s:8:\"children\";a:0:{}}i:1;O:8:\"stdClass\":6:{s:2:\"id\";s:2:\"19\";s:9:\"parent_id\";s:2:\"14\";s:10:\"class_name\";s:13:\"sia_edu_grade\";s:7:\"caption\";s:21:\"Tingkat & Ruang Kelas\";s:4:\"icon\";s:7:\"fa-bank\";s:8:\"children\";a:0:{}}i:2;O:8:\"stdClass\":6:{s:2:\"id\";s:1:\"5\";s:9:\"parent_id\";s:2:\"14\";s:10:\"class_name\";s:13:\"sia_employees\";s:7:\"caption\";s:8:\"Karyawan\";s:4:\"icon\";s:8:\"fa-users\";s:8:\"children\";a:0:{}}i:3;O:8:\"stdClass\":6:{s:2:\"id\";s:1:\"6\";s:9:\"parent_id\";s:2:\"14\";s:10:\"class_name\";s:16:\"sia_main_account\";s:7:\"caption\";s:9:\"Kode Akun\";s:4:\"icon\";s:10:\"fa-sitemap\";s:8:\"children\";a:0:{}}i:4;O:8:\"stdClass\":6:{s:2:\"id\";s:1:\"9\";s:9:\"parent_id\";s:2:\"14\";s:10:\"class_name\";s:20:\"sia_transaction_type\";s:7:\"caption\";s:14:\"Tipe Transaksi\";s:4:\"icon\";s:10:\"fa-sitemap\";s:8:\"children\";a:0:{}}}}i:3;O:8:\"stdClass\":6:{s:2:\"id\";s:2:\"15\";s:9:\"parent_id\";N;s:10:\"class_name\";N;s:7:\"caption\";s:9:\"Transaksi\";s:4:\"icon\";s:9:\"fa-folder\";s:8:\"children\";a:4:{i:0;O:8:\"stdClass\":6:{s:2:\"id\";s:2:\"23\";s:9:\"parent_id\";s:2:\"15\";s:10:\"class_name\";N;s:7:\"caption\";s:16:\"Pendapatan Siswa\";s:4:\"icon\";s:9:\"fa-folder\";s:8:\"children\";a:2:{i:0;O:8:\"stdClass\":6:{s:2:\"id\";s:1:\"4\";s:9:\"parent_id\";s:2:\"23\";s:10:\"class_name\";s:17:\"sia_transaksi_spp\";s:7:\"caption\";s:14:\"Pendapatan SPP\";s:4:\"icon\";s:6:\"fa-usd\";s:8:\"children\";a:0:{}}i:1;O:8:\"stdClass\":6:{s:2:\"id\";s:2:\"24\";s:9:\"parent_id\";s:2:\"23\";s:10:\"class_name\";s:35:\"sia_transaksi_pendapatan_umum_siswa\";s:7:\"caption\";s:21:\"Pendapatan Umum Siswa\";s:4:\"icon\";s:6:\"fa-usd\";s:8:\"children\";a:0:{}}}}i:1;O:8:\"stdClass\":6:{s:2:\"id\";s:1:\"3\";s:9:\"parent_id\";s:2:\"15\";s:10:\"class_name\";s:24:\"sia_transaksi_pendapatan\";s:7:\"caption\";s:23:\"Pendapatan Umum Sekolah\";s:4:\"icon\";s:6:\"fa-usd\";s:8:\"children\";a:0:{}}i:2;O:8:\"stdClass\":6:{s:2:\"id\";s:1:\"2\";s:9:\"parent_id\";s:2:\"15\";s:10:\"class_name\";s:24:\"sia_transaksi_pembayaran\";s:7:\"caption\";s:15:\"Pembayaran Umum\";s:4:\"icon\";s:6:\"fa-usd\";s:8:\"children\";a:0:{}}i:3;O:8:\"stdClass\":6:{s:2:\"id\";s:2:\"25\";s:9:\"parent_id\";s:2:\"15\";s:10:\"class_name\";N;s:7:\"caption\";s:20:\"Pengeluaran Karyawan\";s:4:\"icon\";s:9:\"fa-folder\";s:8:\"children\";a:1:{i:0;O:8:\"stdClass\":6:{s:2:\"id\";s:2:\"21\";s:9:\"parent_id\";s:2:\"25\";s:10:\"class_name\";s:12:\"sia_trx_gaji\";s:7:\"caption\";s:24:\"Pembayaran Gaji Karyawan\";s:4:\"icon\";s:6:\"fa-usd\";s:8:\"children\";a:0:{}}}}}}i:4;O:8:\"stdClass\":6:{s:2:\"id\";s:2:\"16\";s:9:\"parent_id\";N;s:10:\"class_name\";N;s:7:\"caption\";s:7:\"Laporan\";s:4:\"icon\";s:9:\"fa-folder\";s:8:\"children\";a:7:{i:0;O:8:\"stdClass\":6:{s:2:\"id\";s:1:\"8\";s:9:\"parent_id\";s:2:\"16\";s:10:\"class_name\";s:16:\"sia_rpt_students\";s:7:\"caption\";s:5:\"Siswa\";s:4:\"icon\";s:7:\"fa-file\";s:8:\"children\";a:0:{}}i:1;O:8:\"stdClass\":6:{s:2:\"id\";s:2:\"10\";s:9:\"parent_id\";s:2:\"16\";s:10:\"class_name\";s:11:\"sia_rpt_spp\";s:7:\"caption\";s:14:\"Pembayaran SPP\";s:4:\"icon\";s:7:\"fa-file\";s:8:\"children\";a:0:{}}i:2;O:8:\"stdClass\":6:{s:2:\"id\";s:2:\"12\";s:9:\"parent_id\";s:2:\"16\";s:10:\"class_name\";s:18:\"sia_rpt_pembayaran\";s:7:\"caption\";s:15:\"Pembayaran Umum\";s:4:\"icon\";s:7:\"fa-file\";s:8:\"children\";a:0:{}}i:3;O:8:\"stdClass\":6:{s:2:\"id\";s:2:\"11\";s:9:\"parent_id\";s:2:\"16\";s:10:\"class_name\";s:18:\"sia_rpt_pendapatan\";s:7:\"caption\";s:15:\"Pendapatan Umum\";s:4:\"icon\";s:7:\"fa-file\";s:8:\"children\";a:0:{}}i:4;O:8:\"stdClass\":6:{s:2:\"id\";s:2:\"26\";s:9:\"parent_id\";s:2:\"16\";s:10:\"class_name\";s:16:\"sia_rpt_employee\";s:7:\"caption\";s:8:\"Karyawan\";s:4:\"icon\";s:7:\"fa-file\";s:8:\"children\";a:0:{}}i:5;O:8:\"stdClass\":6:{s:2:\"id\";s:2:\"27\";s:9:\"parent_id\";s:2:\"16\";s:10:\"class_name\";s:21:\"sia_rpt_tunggakan_spp\";s:7:\"caption\";s:13:\"Tunggakan SPP\";s:4:\"icon\";s:7:\"fa-file\";s:8:\"children\";a:0:{}}i:6;O:8:\"stdClass\":6:{s:2:\"id\";s:2:\"28\";s:9:\"parent_id\";s:2:\"16\";s:10:\"class_name\";s:30:\"sia_rpt_tunggakan_uang_pangkal\";s:7:\"caption\";s:22:\"Tunggakan Uang Pangkal\";s:4:\"icon\";s:7:\"fa-file\";s:8:\"children\";a:0:{}}}}}s:14:\"assigned_roles\";a:1:{i:0;s:1:\"1\";}}tempDataContainer_1|a:0:{}'),('363fa9e9a7a9d179a6f285542e3cd388193f5862','::1',1506503684,'__ci_last_regenerate|i:1506503673;userData|a:7:{s:2:\"id\";s:1:\"1\";s:8:\"username\";s:12:\"eka.darmawan\";s:8:\"password\";s:32:\"25980432549739cb36e057827697c925\";s:4:\"name\";s:12:\"Eka Darmawan\";s:9:\"id_number\";s:13:\"1234567890022\";s:15:\"granted_modules\";a:5:{i:0;O:8:\"stdClass\":6:{s:2:\"id\";s:2:\"17\";s:9:\"parent_id\";N;s:10:\"class_name\";s:13:\"sia_dashboard\";s:7:\"caption\";s:9:\"Dashboard\";s:4:\"icon\";s:12:\"fa-dashboard\";s:8:\"children\";a:0:{}}i:1;O:8:\"stdClass\":6:{s:2:\"id\";s:2:\"13\";s:9:\"parent_id\";N;s:10:\"class_name\";N;s:7:\"caption\";s:15:\"System Settings\";s:4:\"icon\";s:9:\"fa-folder\";s:8:\"children\";a:3:{i:0;O:8:\"stdClass\":6:{s:2:\"id\";s:1:\"7\";s:9:\"parent_id\";s:2:\"13\";s:10:\"class_name\";s:19:\"sia_posting_profile\";s:7:\"caption\";s:15:\"Posting Profile\";s:4:\"icon\";s:7:\"fa-link\";s:8:\"children\";a:0:{}}i:1;O:8:\"stdClass\":6:{s:2:\"id\";s:2:\"18\";s:9:\"parent_id\";s:2:\"13\";s:10:\"class_name\";s:9:\"sia_users\";s:7:\"caption\";s:13:\"User Aplikasi\";s:4:\"icon\";s:7:\"fa-user\";s:8:\"children\";a:0:{}}i:2;O:8:\"stdClass\":6:{s:2:\"id\";s:2:\"29\";s:9:\"parent_id\";s:2:\"13\";s:10:\"class_name\";s:26:\"sia_student_grade_mutation\";s:7:\"caption\";s:16:\"Kenaikan Jenjang\";s:4:\"icon\";s:17:\"fa-graduation-cap\";s:8:\"children\";a:0:{}}}}i:2;O:8:\"stdClass\":6:{s:2:\"id\";s:2:\"14\";s:9:\"parent_id\";N;s:10:\"class_name\";N;s:7:\"caption\";s:11:\"Master Data\";s:4:\"icon\";s:9:\"fa-folder\";s:8:\"children\";a:5:{i:0;O:8:\"stdClass\":6:{s:2:\"id\";s:1:\"1\";s:9:\"parent_id\";s:2:\"14\";s:10:\"class_name\";s:12:\"sia_students\";s:7:\"caption\";s:5:\"Siswa\";s:4:\"icon\";s:17:\"fa-graduation-cap\";s:8:\"children\";a:0:{}}i:1;O:8:\"stdClass\":6:{s:2:\"id\";s:2:\"19\";s:9:\"parent_id\";s:2:\"14\";s:10:\"class_name\";s:13:\"sia_edu_grade\";s:7:\"caption\";s:21:\"Tingkat & Ruang Kelas\";s:4:\"icon\";s:7:\"fa-bank\";s:8:\"children\";a:0:{}}i:2;O:8:\"stdClass\":6:{s:2:\"id\";s:1:\"5\";s:9:\"parent_id\";s:2:\"14\";s:10:\"class_name\";s:13:\"sia_employees\";s:7:\"caption\";s:8:\"Karyawan\";s:4:\"icon\";s:8:\"fa-users\";s:8:\"children\";a:0:{}}i:3;O:8:\"stdClass\":6:{s:2:\"id\";s:1:\"6\";s:9:\"parent_id\";s:2:\"14\";s:10:\"class_name\";s:16:\"sia_main_account\";s:7:\"caption\";s:9:\"Kode Akun\";s:4:\"icon\";s:10:\"fa-sitemap\";s:8:\"children\";a:0:{}}i:4;O:8:\"stdClass\":6:{s:2:\"id\";s:1:\"9\";s:9:\"parent_id\";s:2:\"14\";s:10:\"class_name\";s:20:\"sia_transaction_type\";s:7:\"caption\";s:14:\"Tipe Transaksi\";s:4:\"icon\";s:10:\"fa-sitemap\";s:8:\"children\";a:0:{}}}}i:3;O:8:\"stdClass\":6:{s:2:\"id\";s:2:\"15\";s:9:\"parent_id\";N;s:10:\"class_name\";N;s:7:\"caption\";s:9:\"Transaksi\";s:4:\"icon\";s:9:\"fa-folder\";s:8:\"children\";a:4:{i:0;O:8:\"stdClass\":6:{s:2:\"id\";s:2:\"23\";s:9:\"parent_id\";s:2:\"15\";s:10:\"class_name\";N;s:7:\"caption\";s:16:\"Pendapatan Siswa\";s:4:\"icon\";s:9:\"fa-folder\";s:8:\"children\";a:2:{i:0;O:8:\"stdClass\":6:{s:2:\"id\";s:1:\"4\";s:9:\"parent_id\";s:2:\"23\";s:10:\"class_name\";s:17:\"sia_transaksi_spp\";s:7:\"caption\";s:14:\"Pendapatan SPP\";s:4:\"icon\";s:6:\"fa-usd\";s:8:\"children\";a:0:{}}i:1;O:8:\"stdClass\":6:{s:2:\"id\";s:2:\"24\";s:9:\"parent_id\";s:2:\"23\";s:10:\"class_name\";s:35:\"sia_transaksi_pendapatan_umum_siswa\";s:7:\"caption\";s:21:\"Pendapatan Umum Siswa\";s:4:\"icon\";s:6:\"fa-usd\";s:8:\"children\";a:0:{}}}}i:1;O:8:\"stdClass\":6:{s:2:\"id\";s:1:\"3\";s:9:\"parent_id\";s:2:\"15\";s:10:\"class_name\";s:24:\"sia_transaksi_pendapatan\";s:7:\"caption\";s:23:\"Pendapatan Umum Sekolah\";s:4:\"icon\";s:6:\"fa-usd\";s:8:\"children\";a:0:{}}i:2;O:8:\"stdClass\":6:{s:2:\"id\";s:1:\"2\";s:9:\"parent_id\";s:2:\"15\";s:10:\"class_name\";s:24:\"sia_transaksi_pembayaran\";s:7:\"caption\";s:15:\"Pembayaran Umum\";s:4:\"icon\";s:6:\"fa-usd\";s:8:\"children\";a:0:{}}i:3;O:8:\"stdClass\":6:{s:2:\"id\";s:2:\"25\";s:9:\"parent_id\";s:2:\"15\";s:10:\"class_name\";N;s:7:\"caption\";s:20:\"Pengeluaran Karyawan\";s:4:\"icon\";s:9:\"fa-folder\";s:8:\"children\";a:1:{i:0;O:8:\"stdClass\":6:{s:2:\"id\";s:2:\"21\";s:9:\"parent_id\";s:2:\"25\";s:10:\"class_name\";s:12:\"sia_trx_gaji\";s:7:\"caption\";s:24:\"Pembayaran Gaji Karyawan\";s:4:\"icon\";s:6:\"fa-usd\";s:8:\"children\";a:0:{}}}}}}i:4;O:8:\"stdClass\":6:{s:2:\"id\";s:2:\"16\";s:9:\"parent_id\";N;s:10:\"class_name\";N;s:7:\"caption\";s:7:\"Laporan\";s:4:\"icon\";s:9:\"fa-folder\";s:8:\"children\";a:7:{i:0;O:8:\"stdClass\":6:{s:2:\"id\";s:1:\"8\";s:9:\"parent_id\";s:2:\"16\";s:10:\"class_name\";s:16:\"sia_rpt_students\";s:7:\"caption\";s:5:\"Siswa\";s:4:\"icon\";s:7:\"fa-file\";s:8:\"children\";a:0:{}}i:1;O:8:\"stdClass\":6:{s:2:\"id\";s:2:\"10\";s:9:\"parent_id\";s:2:\"16\";s:10:\"class_name\";s:11:\"sia_rpt_spp\";s:7:\"caption\";s:14:\"Pembayaran SPP\";s:4:\"icon\";s:7:\"fa-file\";s:8:\"children\";a:0:{}}i:2;O:8:\"stdClass\":6:{s:2:\"id\";s:2:\"12\";s:9:\"parent_id\";s:2:\"16\";s:10:\"class_name\";s:18:\"sia_rpt_pembayaran\";s:7:\"caption\";s:15:\"Pembayaran Umum\";s:4:\"icon\";s:7:\"fa-file\";s:8:\"children\";a:0:{}}i:3;O:8:\"stdClass\":6:{s:2:\"id\";s:2:\"11\";s:9:\"parent_id\";s:2:\"16\";s:10:\"class_name\";s:18:\"sia_rpt_pendapatan\";s:7:\"caption\";s:15:\"Pendapatan Umum\";s:4:\"icon\";s:7:\"fa-file\";s:8:\"children\";a:0:{}}i:4;O:8:\"stdClass\":6:{s:2:\"id\";s:2:\"26\";s:9:\"parent_id\";s:2:\"16\";s:10:\"class_name\";s:16:\"sia_rpt_employee\";s:7:\"caption\";s:8:\"Karyawan\";s:4:\"icon\";s:7:\"fa-file\";s:8:\"children\";a:0:{}}i:5;O:8:\"stdClass\":6:{s:2:\"id\";s:2:\"27\";s:9:\"parent_id\";s:2:\"16\";s:10:\"class_name\";s:21:\"sia_rpt_tunggakan_spp\";s:7:\"caption\";s:13:\"Tunggakan SPP\";s:4:\"icon\";s:7:\"fa-file\";s:8:\"children\";a:0:{}}i:6;O:8:\"stdClass\":6:{s:2:\"id\";s:2:\"28\";s:9:\"parent_id\";s:2:\"16\";s:10:\"class_name\";s:30:\"sia_rpt_tunggakan_uang_pangkal\";s:7:\"caption\";s:22:\"Tunggakan Uang Pangkal\";s:4:\"icon\";s:7:\"fa-file\";s:8:\"children\";a:0:{}}}}}s:14:\"assigned_roles\";a:1:{i:0;s:1:\"1\";}}tempDataContainer_1|a:0:{}'),('5fa900e9dc74ac9248444014b5bad0650421a868','::1',1506497968,'__ci_last_regenerate|i:1506496333;userData|a:7:{s:2:\"id\";s:1:\"1\";s:8:\"username\";s:12:\"eka.darmawan\";s:8:\"password\";s:32:\"25980432549739cb36e057827697c925\";s:4:\"name\";s:12:\"Eka Darmawan\";s:9:\"id_number\";s:13:\"1234567890022\";s:15:\"granted_modules\";a:5:{i:0;O:8:\"stdClass\":6:{s:2:\"id\";s:2:\"17\";s:9:\"parent_id\";N;s:10:\"class_name\";s:13:\"sia_dashboard\";s:7:\"caption\";s:9:\"Dashboard\";s:4:\"icon\";s:12:\"fa-dashboard\";s:8:\"children\";a:0:{}}i:1;O:8:\"stdClass\":6:{s:2:\"id\";s:2:\"13\";s:9:\"parent_id\";N;s:10:\"class_name\";N;s:7:\"caption\";s:15:\"System Settings\";s:4:\"icon\";s:9:\"fa-folder\";s:8:\"children\";a:3:{i:0;O:8:\"stdClass\":6:{s:2:\"id\";s:1:\"7\";s:9:\"parent_id\";s:2:\"13\";s:10:\"class_name\";s:19:\"sia_posting_profile\";s:7:\"caption\";s:15:\"Posting Profile\";s:4:\"icon\";s:7:\"fa-link\";s:8:\"children\";a:0:{}}i:1;O:8:\"stdClass\":6:{s:2:\"id\";s:2:\"18\";s:9:\"parent_id\";s:2:\"13\";s:10:\"class_name\";s:9:\"sia_users\";s:7:\"caption\";s:13:\"User Aplikasi\";s:4:\"icon\";s:7:\"fa-user\";s:8:\"children\";a:0:{}}i:2;O:8:\"stdClass\":6:{s:2:\"id\";s:2:\"29\";s:9:\"parent_id\";s:2:\"13\";s:10:\"class_name\";s:26:\"sia_student_grade_mutation\";s:7:\"caption\";s:16:\"Kenaikan Jenjang\";s:4:\"icon\";s:17:\"fa-graduation-cap\";s:8:\"children\";a:0:{}}}}i:2;O:8:\"stdClass\":6:{s:2:\"id\";s:2:\"14\";s:9:\"parent_id\";N;s:10:\"class_name\";N;s:7:\"caption\";s:11:\"Master Data\";s:4:\"icon\";s:9:\"fa-folder\";s:8:\"children\";a:5:{i:0;O:8:\"stdClass\":6:{s:2:\"id\";s:1:\"1\";s:9:\"parent_id\";s:2:\"14\";s:10:\"class_name\";s:12:\"sia_students\";s:7:\"caption\";s:5:\"Siswa\";s:4:\"icon\";s:17:\"fa-graduation-cap\";s:8:\"children\";a:0:{}}i:1;O:8:\"stdClass\":6:{s:2:\"id\";s:2:\"19\";s:9:\"parent_id\";s:2:\"14\";s:10:\"class_name\";s:13:\"sia_edu_grade\";s:7:\"caption\";s:21:\"Tingkat & Ruang Kelas\";s:4:\"icon\";s:7:\"fa-bank\";s:8:\"children\";a:0:{}}i:2;O:8:\"stdClass\":6:{s:2:\"id\";s:1:\"5\";s:9:\"parent_id\";s:2:\"14\";s:10:\"class_name\";s:13:\"sia_employees\";s:7:\"caption\";s:8:\"Karyawan\";s:4:\"icon\";s:8:\"fa-users\";s:8:\"children\";a:0:{}}i:3;O:8:\"stdClass\":6:{s:2:\"id\";s:1:\"6\";s:9:\"parent_id\";s:2:\"14\";s:10:\"class_name\";s:16:\"sia_main_account\";s:7:\"caption\";s:9:\"Kode Akun\";s:4:\"icon\";s:10:\"fa-sitemap\";s:8:\"children\";a:0:{}}i:4;O:8:\"stdClass\":6:{s:2:\"id\";s:1:\"9\";s:9:\"parent_id\";s:2:\"14\";s:10:\"class_name\";s:20:\"sia_transaction_type\";s:7:\"caption\";s:14:\"Tipe Transaksi\";s:4:\"icon\";s:10:\"fa-sitemap\";s:8:\"children\";a:0:{}}}}i:3;O:8:\"stdClass\":6:{s:2:\"id\";s:2:\"15\";s:9:\"parent_id\";N;s:10:\"class_name\";N;s:7:\"caption\";s:9:\"Transaksi\";s:4:\"icon\";s:9:\"fa-folder\";s:8:\"children\";a:4:{i:0;O:8:\"stdClass\":6:{s:2:\"id\";s:2:\"23\";s:9:\"parent_id\";s:2:\"15\";s:10:\"class_name\";N;s:7:\"caption\";s:16:\"Pendapatan Siswa\";s:4:\"icon\";s:9:\"fa-folder\";s:8:\"children\";a:2:{i:0;O:8:\"stdClass\":6:{s:2:\"id\";s:1:\"4\";s:9:\"parent_id\";s:2:\"23\";s:10:\"class_name\";s:17:\"sia_transaksi_spp\";s:7:\"caption\";s:14:\"Pendapatan SPP\";s:4:\"icon\";s:6:\"fa-usd\";s:8:\"children\";a:0:{}}i:1;O:8:\"stdClass\":6:{s:2:\"id\";s:2:\"24\";s:9:\"parent_id\";s:2:\"23\";s:10:\"class_name\";s:35:\"sia_transaksi_pendapatan_umum_siswa\";s:7:\"caption\";s:21:\"Pendapatan Umum Siswa\";s:4:\"icon\";s:6:\"fa-usd\";s:8:\"children\";a:0:{}}}}i:1;O:8:\"stdClass\":6:{s:2:\"id\";s:1:\"3\";s:9:\"parent_id\";s:2:\"15\";s:10:\"class_name\";s:24:\"sia_transaksi_pendapatan\";s:7:\"caption\";s:23:\"Pendapatan Umum Sekolah\";s:4:\"icon\";s:6:\"fa-usd\";s:8:\"children\";a:0:{}}i:2;O:8:\"stdClass\":6:{s:2:\"id\";s:1:\"2\";s:9:\"parent_id\";s:2:\"15\";s:10:\"class_name\";s:24:\"sia_transaksi_pembayaran\";s:7:\"caption\";s:15:\"Pembayaran Umum\";s:4:\"icon\";s:6:\"fa-usd\";s:8:\"children\";a:0:{}}i:3;O:8:\"stdClass\":6:{s:2:\"id\";s:2:\"25\";s:9:\"parent_id\";s:2:\"15\";s:10:\"class_name\";N;s:7:\"caption\";s:20:\"Pengeluaran Karyawan\";s:4:\"icon\";s:9:\"fa-folder\";s:8:\"children\";a:1:{i:0;O:8:\"stdClass\":6:{s:2:\"id\";s:2:\"21\";s:9:\"parent_id\";s:2:\"25\";s:10:\"class_name\";s:12:\"sia_trx_gaji\";s:7:\"caption\";s:24:\"Pembayaran Gaji Karyawan\";s:4:\"icon\";s:6:\"fa-usd\";s:8:\"children\";a:0:{}}}}}}i:4;O:8:\"stdClass\":6:{s:2:\"id\";s:2:\"16\";s:9:\"parent_id\";N;s:10:\"class_name\";N;s:7:\"caption\";s:7:\"Laporan\";s:4:\"icon\";s:9:\"fa-folder\";s:8:\"children\";a:7:{i:0;O:8:\"stdClass\":6:{s:2:\"id\";s:1:\"8\";s:9:\"parent_id\";s:2:\"16\";s:10:\"class_name\";s:16:\"sia_rpt_students\";s:7:\"caption\";s:5:\"Siswa\";s:4:\"icon\";s:7:\"fa-file\";s:8:\"children\";a:0:{}}i:1;O:8:\"stdClass\":6:{s:2:\"id\";s:2:\"10\";s:9:\"parent_id\";s:2:\"16\";s:10:\"class_name\";s:11:\"sia_rpt_spp\";s:7:\"caption\";s:14:\"Pembayaran SPP\";s:4:\"icon\";s:7:\"fa-file\";s:8:\"children\";a:0:{}}i:2;O:8:\"stdClass\":6:{s:2:\"id\";s:2:\"12\";s:9:\"parent_id\";s:2:\"16\";s:10:\"class_name\";s:18:\"sia_rpt_pembayaran\";s:7:\"caption\";s:15:\"Pembayaran Umum\";s:4:\"icon\";s:7:\"fa-file\";s:8:\"children\";a:0:{}}i:3;O:8:\"stdClass\":6:{s:2:\"id\";s:2:\"11\";s:9:\"parent_id\";s:2:\"16\";s:10:\"class_name\";s:18:\"sia_rpt_pendapatan\";s:7:\"caption\";s:15:\"Pendapatan Umum\";s:4:\"icon\";s:7:\"fa-file\";s:8:\"children\";a:0:{}}i:4;O:8:\"stdClass\":6:{s:2:\"id\";s:2:\"26\";s:9:\"parent_id\";s:2:\"16\";s:10:\"class_name\";s:16:\"sia_rpt_employee\";s:7:\"caption\";s:8:\"Karyawan\";s:4:\"icon\";s:7:\"fa-file\";s:8:\"children\";a:0:{}}i:5;O:8:\"stdClass\":6:{s:2:\"id\";s:2:\"27\";s:9:\"parent_id\";s:2:\"16\";s:10:\"class_name\";s:21:\"sia_rpt_tunggakan_spp\";s:7:\"caption\";s:13:\"Tunggakan SPP\";s:4:\"icon\";s:7:\"fa-file\";s:8:\"children\";a:0:{}}i:6;O:8:\"stdClass\":6:{s:2:\"id\";s:2:\"28\";s:9:\"parent_id\";s:2:\"16\";s:10:\"class_name\";s:30:\"sia_rpt_tunggakan_uang_pangkal\";s:7:\"caption\";s:22:\"Tunggakan Uang Pangkal\";s:4:\"icon\";s:7:\"fa-file\";s:8:\"children\";a:0:{}}}}}s:14:\"assigned_roles\";a:1:{i:0;s:1:\"1\";}}tempDataContainer_1|a:0:{}'),('75f7e2ed47a50a90142bbd6c812192b1e3f5c9b5','::1',1506498340,'__ci_last_regenerate|i:1506497980;userData|a:7:{s:2:\"id\";s:1:\"1\";s:8:\"username\";s:12:\"eka.darmawan\";s:8:\"password\";s:32:\"25980432549739cb36e057827697c925\";s:4:\"name\";s:12:\"Eka Darmawan\";s:9:\"id_number\";s:13:\"1234567890022\";s:15:\"granted_modules\";a:5:{i:0;O:8:\"stdClass\":6:{s:2:\"id\";s:2:\"17\";s:9:\"parent_id\";N;s:10:\"class_name\";s:13:\"sia_dashboard\";s:7:\"caption\";s:9:\"Dashboard\";s:4:\"icon\";s:12:\"fa-dashboard\";s:8:\"children\";a:0:{}}i:1;O:8:\"stdClass\":6:{s:2:\"id\";s:2:\"13\";s:9:\"parent_id\";N;s:10:\"class_name\";N;s:7:\"caption\";s:15:\"System Settings\";s:4:\"icon\";s:9:\"fa-folder\";s:8:\"children\";a:3:{i:0;O:8:\"stdClass\":6:{s:2:\"id\";s:1:\"7\";s:9:\"parent_id\";s:2:\"13\";s:10:\"class_name\";s:19:\"sia_posting_profile\";s:7:\"caption\";s:15:\"Posting Profile\";s:4:\"icon\";s:7:\"fa-link\";s:8:\"children\";a:0:{}}i:1;O:8:\"stdClass\":6:{s:2:\"id\";s:2:\"18\";s:9:\"parent_id\";s:2:\"13\";s:10:\"class_name\";s:9:\"sia_users\";s:7:\"caption\";s:13:\"User Aplikasi\";s:4:\"icon\";s:7:\"fa-user\";s:8:\"children\";a:0:{}}i:2;O:8:\"stdClass\":6:{s:2:\"id\";s:2:\"29\";s:9:\"parent_id\";s:2:\"13\";s:10:\"class_name\";s:26:\"sia_student_grade_mutation\";s:7:\"caption\";s:16:\"Kenaikan Jenjang\";s:4:\"icon\";s:17:\"fa-graduation-cap\";s:8:\"children\";a:0:{}}}}i:2;O:8:\"stdClass\":6:{s:2:\"id\";s:2:\"14\";s:9:\"parent_id\";N;s:10:\"class_name\";N;s:7:\"caption\";s:11:\"Master Data\";s:4:\"icon\";s:9:\"fa-folder\";s:8:\"children\";a:5:{i:0;O:8:\"stdClass\":6:{s:2:\"id\";s:1:\"1\";s:9:\"parent_id\";s:2:\"14\";s:10:\"class_name\";s:12:\"sia_students\";s:7:\"caption\";s:5:\"Siswa\";s:4:\"icon\";s:17:\"fa-graduation-cap\";s:8:\"children\";a:0:{}}i:1;O:8:\"stdClass\":6:{s:2:\"id\";s:2:\"19\";s:9:\"parent_id\";s:2:\"14\";s:10:\"class_name\";s:13:\"sia_edu_grade\";s:7:\"caption\";s:21:\"Tingkat & Ruang Kelas\";s:4:\"icon\";s:7:\"fa-bank\";s:8:\"children\";a:0:{}}i:2;O:8:\"stdClass\":6:{s:2:\"id\";s:1:\"5\";s:9:\"parent_id\";s:2:\"14\";s:10:\"class_name\";s:13:\"sia_employees\";s:7:\"caption\";s:8:\"Karyawan\";s:4:\"icon\";s:8:\"fa-users\";s:8:\"children\";a:0:{}}i:3;O:8:\"stdClass\":6:{s:2:\"id\";s:1:\"6\";s:9:\"parent_id\";s:2:\"14\";s:10:\"class_name\";s:16:\"sia_main_account\";s:7:\"caption\";s:9:\"Kode Akun\";s:4:\"icon\";s:10:\"fa-sitemap\";s:8:\"children\";a:0:{}}i:4;O:8:\"stdClass\":6:{s:2:\"id\";s:1:\"9\";s:9:\"parent_id\";s:2:\"14\";s:10:\"class_name\";s:20:\"sia_transaction_type\";s:7:\"caption\";s:14:\"Tipe Transaksi\";s:4:\"icon\";s:10:\"fa-sitemap\";s:8:\"children\";a:0:{}}}}i:3;O:8:\"stdClass\":6:{s:2:\"id\";s:2:\"15\";s:9:\"parent_id\";N;s:10:\"class_name\";N;s:7:\"caption\";s:9:\"Transaksi\";s:4:\"icon\";s:9:\"fa-folder\";s:8:\"children\";a:4:{i:0;O:8:\"stdClass\":6:{s:2:\"id\";s:2:\"23\";s:9:\"parent_id\";s:2:\"15\";s:10:\"class_name\";N;s:7:\"caption\";s:16:\"Pendapatan Siswa\";s:4:\"icon\";s:9:\"fa-folder\";s:8:\"children\";a:2:{i:0;O:8:\"stdClass\":6:{s:2:\"id\";s:1:\"4\";s:9:\"parent_id\";s:2:\"23\";s:10:\"class_name\";s:17:\"sia_transaksi_spp\";s:7:\"caption\";s:14:\"Pendapatan SPP\";s:4:\"icon\";s:6:\"fa-usd\";s:8:\"children\";a:0:{}}i:1;O:8:\"stdClass\":6:{s:2:\"id\";s:2:\"24\";s:9:\"parent_id\";s:2:\"23\";s:10:\"class_name\";s:35:\"sia_transaksi_pendapatan_umum_siswa\";s:7:\"caption\";s:21:\"Pendapatan Umum Siswa\";s:4:\"icon\";s:6:\"fa-usd\";s:8:\"children\";a:0:{}}}}i:1;O:8:\"stdClass\":6:{s:2:\"id\";s:1:\"3\";s:9:\"parent_id\";s:2:\"15\";s:10:\"class_name\";s:24:\"sia_transaksi_pendapatan\";s:7:\"caption\";s:23:\"Pendapatan Umum Sekolah\";s:4:\"icon\";s:6:\"fa-usd\";s:8:\"children\";a:0:{}}i:2;O:8:\"stdClass\":6:{s:2:\"id\";s:1:\"2\";s:9:\"parent_id\";s:2:\"15\";s:10:\"class_name\";s:24:\"sia_transaksi_pembayaran\";s:7:\"caption\";s:15:\"Pembayaran Umum\";s:4:\"icon\";s:6:\"fa-usd\";s:8:\"children\";a:0:{}}i:3;O:8:\"stdClass\":6:{s:2:\"id\";s:2:\"25\";s:9:\"parent_id\";s:2:\"15\";s:10:\"class_name\";N;s:7:\"caption\";s:20:\"Pengeluaran Karyawan\";s:4:\"icon\";s:9:\"fa-folder\";s:8:\"children\";a:1:{i:0;O:8:\"stdClass\":6:{s:2:\"id\";s:2:\"21\";s:9:\"parent_id\";s:2:\"25\";s:10:\"class_name\";s:12:\"sia_trx_gaji\";s:7:\"caption\";s:24:\"Pembayaran Gaji Karyawan\";s:4:\"icon\";s:6:\"fa-usd\";s:8:\"children\";a:0:{}}}}}}i:4;O:8:\"stdClass\":6:{s:2:\"id\";s:2:\"16\";s:9:\"parent_id\";N;s:10:\"class_name\";N;s:7:\"caption\";s:7:\"Laporan\";s:4:\"icon\";s:9:\"fa-folder\";s:8:\"children\";a:7:{i:0;O:8:\"stdClass\":6:{s:2:\"id\";s:1:\"8\";s:9:\"parent_id\";s:2:\"16\";s:10:\"class_name\";s:16:\"sia_rpt_students\";s:7:\"caption\";s:5:\"Siswa\";s:4:\"icon\";s:7:\"fa-file\";s:8:\"children\";a:0:{}}i:1;O:8:\"stdClass\":6:{s:2:\"id\";s:2:\"10\";s:9:\"parent_id\";s:2:\"16\";s:10:\"class_name\";s:11:\"sia_rpt_spp\";s:7:\"caption\";s:14:\"Pembayaran SPP\";s:4:\"icon\";s:7:\"fa-file\";s:8:\"children\";a:0:{}}i:2;O:8:\"stdClass\":6:{s:2:\"id\";s:2:\"12\";s:9:\"parent_id\";s:2:\"16\";s:10:\"class_name\";s:18:\"sia_rpt_pembayaran\";s:7:\"caption\";s:15:\"Pembayaran Umum\";s:4:\"icon\";s:7:\"fa-file\";s:8:\"children\";a:0:{}}i:3;O:8:\"stdClass\":6:{s:2:\"id\";s:2:\"11\";s:9:\"parent_id\";s:2:\"16\";s:10:\"class_name\";s:18:\"sia_rpt_pendapatan\";s:7:\"caption\";s:15:\"Pendapatan Umum\";s:4:\"icon\";s:7:\"fa-file\";s:8:\"children\";a:0:{}}i:4;O:8:\"stdClass\":6:{s:2:\"id\";s:2:\"26\";s:9:\"parent_id\";s:2:\"16\";s:10:\"class_name\";s:16:\"sia_rpt_employee\";s:7:\"caption\";s:8:\"Karyawan\";s:4:\"icon\";s:7:\"fa-file\";s:8:\"children\";a:0:{}}i:5;O:8:\"stdClass\":6:{s:2:\"id\";s:2:\"27\";s:9:\"parent_id\";s:2:\"16\";s:10:\"class_name\";s:21:\"sia_rpt_tunggakan_spp\";s:7:\"caption\";s:13:\"Tunggakan SPP\";s:4:\"icon\";s:7:\"fa-file\";s:8:\"children\";a:0:{}}i:6;O:8:\"stdClass\":6:{s:2:\"id\";s:2:\"28\";s:9:\"parent_id\";s:2:\"16\";s:10:\"class_name\";s:30:\"sia_rpt_tunggakan_uang_pangkal\";s:7:\"caption\";s:22:\"Tunggakan Uang Pangkal\";s:4:\"icon\";s:7:\"fa-file\";s:8:\"children\";a:0:{}}}}}s:14:\"assigned_roles\";a:1:{i:0;s:1:\"1\";}}tempDataContainer_1|a:0:{}'),('7903dcd51432ac8d8541ad7739798b0f717ea774','::1',1506501114,'__ci_last_regenerate|i:1506500642;userData|a:7:{s:2:\"id\";s:1:\"1\";s:8:\"username\";s:12:\"eka.darmawan\";s:8:\"password\";s:32:\"25980432549739cb36e057827697c925\";s:4:\"name\";s:12:\"Eka Darmawan\";s:9:\"id_number\";s:13:\"1234567890022\";s:15:\"granted_modules\";a:5:{i:0;O:8:\"stdClass\":6:{s:2:\"id\";s:2:\"17\";s:9:\"parent_id\";N;s:10:\"class_name\";s:13:\"sia_dashboard\";s:7:\"caption\";s:9:\"Dashboard\";s:4:\"icon\";s:12:\"fa-dashboard\";s:8:\"children\";a:0:{}}i:1;O:8:\"stdClass\":6:{s:2:\"id\";s:2:\"13\";s:9:\"parent_id\";N;s:10:\"class_name\";N;s:7:\"caption\";s:15:\"System Settings\";s:4:\"icon\";s:9:\"fa-folder\";s:8:\"children\";a:3:{i:0;O:8:\"stdClass\":6:{s:2:\"id\";s:1:\"7\";s:9:\"parent_id\";s:2:\"13\";s:10:\"class_name\";s:19:\"sia_posting_profile\";s:7:\"caption\";s:15:\"Posting Profile\";s:4:\"icon\";s:7:\"fa-link\";s:8:\"children\";a:0:{}}i:1;O:8:\"stdClass\":6:{s:2:\"id\";s:2:\"18\";s:9:\"parent_id\";s:2:\"13\";s:10:\"class_name\";s:9:\"sia_users\";s:7:\"caption\";s:13:\"User Aplikasi\";s:4:\"icon\";s:7:\"fa-user\";s:8:\"children\";a:0:{}}i:2;O:8:\"stdClass\":6:{s:2:\"id\";s:2:\"29\";s:9:\"parent_id\";s:2:\"13\";s:10:\"class_name\";s:26:\"sia_student_grade_mutation\";s:7:\"caption\";s:16:\"Kenaikan Jenjang\";s:4:\"icon\";s:17:\"fa-graduation-cap\";s:8:\"children\";a:0:{}}}}i:2;O:8:\"stdClass\":6:{s:2:\"id\";s:2:\"14\";s:9:\"parent_id\";N;s:10:\"class_name\";N;s:7:\"caption\";s:11:\"Master Data\";s:4:\"icon\";s:9:\"fa-folder\";s:8:\"children\";a:5:{i:0;O:8:\"stdClass\":6:{s:2:\"id\";s:1:\"1\";s:9:\"parent_id\";s:2:\"14\";s:10:\"class_name\";s:12:\"sia_students\";s:7:\"caption\";s:5:\"Siswa\";s:4:\"icon\";s:17:\"fa-graduation-cap\";s:8:\"children\";a:0:{}}i:1;O:8:\"stdClass\":6:{s:2:\"id\";s:2:\"19\";s:9:\"parent_id\";s:2:\"14\";s:10:\"class_name\";s:13:\"sia_edu_grade\";s:7:\"caption\";s:21:\"Tingkat & Ruang Kelas\";s:4:\"icon\";s:7:\"fa-bank\";s:8:\"children\";a:0:{}}i:2;O:8:\"stdClass\":6:{s:2:\"id\";s:1:\"5\";s:9:\"parent_id\";s:2:\"14\";s:10:\"class_name\";s:13:\"sia_employees\";s:7:\"caption\";s:8:\"Karyawan\";s:4:\"icon\";s:8:\"fa-users\";s:8:\"children\";a:0:{}}i:3;O:8:\"stdClass\":6:{s:2:\"id\";s:1:\"6\";s:9:\"parent_id\";s:2:\"14\";s:10:\"class_name\";s:16:\"sia_main_account\";s:7:\"caption\";s:9:\"Kode Akun\";s:4:\"icon\";s:10:\"fa-sitemap\";s:8:\"children\";a:0:{}}i:4;O:8:\"stdClass\":6:{s:2:\"id\";s:1:\"9\";s:9:\"parent_id\";s:2:\"14\";s:10:\"class_name\";s:20:\"sia_transaction_type\";s:7:\"caption\";s:14:\"Tipe Transaksi\";s:4:\"icon\";s:10:\"fa-sitemap\";s:8:\"children\";a:0:{}}}}i:3;O:8:\"stdClass\":6:{s:2:\"id\";s:2:\"15\";s:9:\"parent_id\";N;s:10:\"class_name\";N;s:7:\"caption\";s:9:\"Transaksi\";s:4:\"icon\";s:9:\"fa-folder\";s:8:\"children\";a:4:{i:0;O:8:\"stdClass\":6:{s:2:\"id\";s:2:\"23\";s:9:\"parent_id\";s:2:\"15\";s:10:\"class_name\";N;s:7:\"caption\";s:16:\"Pendapatan Siswa\";s:4:\"icon\";s:9:\"fa-folder\";s:8:\"children\";a:2:{i:0;O:8:\"stdClass\":6:{s:2:\"id\";s:1:\"4\";s:9:\"parent_id\";s:2:\"23\";s:10:\"class_name\";s:17:\"sia_transaksi_spp\";s:7:\"caption\";s:14:\"Pendapatan SPP\";s:4:\"icon\";s:6:\"fa-usd\";s:8:\"children\";a:0:{}}i:1;O:8:\"stdClass\":6:{s:2:\"id\";s:2:\"24\";s:9:\"parent_id\";s:2:\"23\";s:10:\"class_name\";s:35:\"sia_transaksi_pendapatan_umum_siswa\";s:7:\"caption\";s:21:\"Pendapatan Umum Siswa\";s:4:\"icon\";s:6:\"fa-usd\";s:8:\"children\";a:0:{}}}}i:1;O:8:\"stdClass\":6:{s:2:\"id\";s:1:\"3\";s:9:\"parent_id\";s:2:\"15\";s:10:\"class_name\";s:24:\"sia_transaksi_pendapatan\";s:7:\"caption\";s:23:\"Pendapatan Umum Sekolah\";s:4:\"icon\";s:6:\"fa-usd\";s:8:\"children\";a:0:{}}i:2;O:8:\"stdClass\":6:{s:2:\"id\";s:1:\"2\";s:9:\"parent_id\";s:2:\"15\";s:10:\"class_name\";s:24:\"sia_transaksi_pembayaran\";s:7:\"caption\";s:15:\"Pembayaran Umum\";s:4:\"icon\";s:6:\"fa-usd\";s:8:\"children\";a:0:{}}i:3;O:8:\"stdClass\":6:{s:2:\"id\";s:2:\"25\";s:9:\"parent_id\";s:2:\"15\";s:10:\"class_name\";N;s:7:\"caption\";s:20:\"Pengeluaran Karyawan\";s:4:\"icon\";s:9:\"fa-folder\";s:8:\"children\";a:1:{i:0;O:8:\"stdClass\":6:{s:2:\"id\";s:2:\"21\";s:9:\"parent_id\";s:2:\"25\";s:10:\"class_name\";s:12:\"sia_trx_gaji\";s:7:\"caption\";s:24:\"Pembayaran Gaji Karyawan\";s:4:\"icon\";s:6:\"fa-usd\";s:8:\"children\";a:0:{}}}}}}i:4;O:8:\"stdClass\":6:{s:2:\"id\";s:2:\"16\";s:9:\"parent_id\";N;s:10:\"class_name\";N;s:7:\"caption\";s:7:\"Laporan\";s:4:\"icon\";s:9:\"fa-folder\";s:8:\"children\";a:7:{i:0;O:8:\"stdClass\":6:{s:2:\"id\";s:1:\"8\";s:9:\"parent_id\";s:2:\"16\";s:10:\"class_name\";s:16:\"sia_rpt_students\";s:7:\"caption\";s:5:\"Siswa\";s:4:\"icon\";s:7:\"fa-file\";s:8:\"children\";a:0:{}}i:1;O:8:\"stdClass\":6:{s:2:\"id\";s:2:\"10\";s:9:\"parent_id\";s:2:\"16\";s:10:\"class_name\";s:11:\"sia_rpt_spp\";s:7:\"caption\";s:14:\"Pembayaran SPP\";s:4:\"icon\";s:7:\"fa-file\";s:8:\"children\";a:0:{}}i:2;O:8:\"stdClass\":6:{s:2:\"id\";s:2:\"12\";s:9:\"parent_id\";s:2:\"16\";s:10:\"class_name\";s:18:\"sia_rpt_pembayaran\";s:7:\"caption\";s:15:\"Pembayaran Umum\";s:4:\"icon\";s:7:\"fa-file\";s:8:\"children\";a:0:{}}i:3;O:8:\"stdClass\":6:{s:2:\"id\";s:2:\"11\";s:9:\"parent_id\";s:2:\"16\";s:10:\"class_name\";s:18:\"sia_rpt_pendapatan\";s:7:\"caption\";s:15:\"Pendapatan Umum\";s:4:\"icon\";s:7:\"fa-file\";s:8:\"children\";a:0:{}}i:4;O:8:\"stdClass\":6:{s:2:\"id\";s:2:\"26\";s:9:\"parent_id\";s:2:\"16\";s:10:\"class_name\";s:16:\"sia_rpt_employee\";s:7:\"caption\";s:8:\"Karyawan\";s:4:\"icon\";s:7:\"fa-file\";s:8:\"children\";a:0:{}}i:5;O:8:\"stdClass\":6:{s:2:\"id\";s:2:\"27\";s:9:\"parent_id\";s:2:\"16\";s:10:\"class_name\";s:21:\"sia_rpt_tunggakan_spp\";s:7:\"caption\";s:13:\"Tunggakan SPP\";s:4:\"icon\";s:7:\"fa-file\";s:8:\"children\";a:0:{}}i:6;O:8:\"stdClass\":6:{s:2:\"id\";s:2:\"28\";s:9:\"parent_id\";s:2:\"16\";s:10:\"class_name\";s:30:\"sia_rpt_tunggakan_uang_pangkal\";s:7:\"caption\";s:22:\"Tunggakan Uang Pangkal\";s:4:\"icon\";s:7:\"fa-file\";s:8:\"children\";a:0:{}}}}}s:14:\"assigned_roles\";a:1:{i:0;s:1:\"1\";}}tempDataContainer_1|a:0:{}');

/*Table structure for table `sec_role` */

DROP TABLE IF EXISTS `sec_role`;

CREATE TABLE `sec_role` (
  `id` int(11) NOT NULL AUTO_INCREMENT,
  `name` varchar(25) COLLATE utf8_unicode_ci NOT NULL,
  `description` varchar(50) COLLATE utf8_unicode_ci DEFAULT NULL,
  PRIMARY KEY (`id`)
) ENGINE=InnoDB AUTO_INCREMENT=5 DEFAULT CHARSET=utf8 COLLATE=utf8_unicode_ci;

/*Data for the table `sec_role` */

insert  into `sec_role`(`id`,`name`,`description`) values (1,'ROOT','System Root'),(2,'ADMIN','Administration'),(3,'DATA_ENTRY','Data Entry'),(4,'CASHIER','Kasir');

/*Table structure for table `sec_role_privileges` */

DROP TABLE IF EXISTS `sec_role_privileges`;

CREATE TABLE `sec_role_privileges` (
  `id` int(11) NOT NULL AUTO_INCREMENT,
  `role_id` int(11) NOT NULL,
  `module_id` int(11) NOT NULL,
  PRIMARY KEY (`id`),
  KEY `FK_sec_role_privileges` (`role_id`),
  KEY `FK_sec_role_privileges2` (`module_id`),
  CONSTRAINT `FK_sec_role_privileges` FOREIGN KEY (`role_id`) REFERENCES `sec_role` (`id`),
  CONSTRAINT `FK_sec_role_privileges2` FOREIGN KEY (`module_id`) REFERENCES `m_modules` (`id`)
) ENGINE=InnoDB AUTO_INCREMENT=68 DEFAULT CHARSET=utf8 COLLATE=utf8_unicode_ci;

/*Data for the table `sec_role_privileges` */

insert  into `sec_role_privileges`(`id`,`role_id`,`module_id`) values (1,1,1),(2,1,2),(3,1,3),(4,1,4),(5,1,5),(6,1,6),(7,1,7),(8,1,8),(9,1,9),(10,1,10),(11,1,11),(12,1,12),(13,2,1),(14,2,5),(15,2,6),(16,2,7),(17,2,9),(18,2,8),(19,2,10),(20,2,11),(21,2,12),(22,3,1),(23,3,5),(24,3,8),(25,4,2),(26,4,3),(27,4,4),(28,4,10),(29,4,11),(30,4,12),(31,1,13),(32,1,14),(33,1,15),(34,1,16),(35,2,13),(36,2,14),(37,2,16),(38,3,14),(39,3,16),(40,4,15),(41,4,16),(42,1,17),(43,2,17),(44,3,17),(45,4,17),(46,1,18),(47,1,19),(49,2,20),(50,1,21),(51,1,23),(52,1,24),(53,1,25),(54,1,26),(55,2,26),(56,1,27),(57,4,27),(58,2,27),(59,4,5),(60,4,14),(61,4,23),(62,4,21),(63,4,25),(64,1,28),(65,2,28),(66,4,28),(67,1,29);

/*Table structure for table `sec_user` */

DROP TABLE IF EXISTS `sec_user`;

CREATE TABLE `sec_user` (
  `id` int(11) NOT NULL AUTO_INCREMENT,
  `employee_id` int(11) NOT NULL,
  `username` varchar(25) COLLATE utf8_unicode_ci NOT NULL,
  `password` varchar(50) COLLATE utf8_unicode_ci NOT NULL,
  `active` char(1) COLLATE utf8_unicode_ci NOT NULL DEFAULT 'N' COMMENT 'Y/N',
  `created_by` int(11) DEFAULT NULL,
  `created_date` datetime DEFAULT NULL,
  `modified_by` int(11) DEFAULT NULL,
  `modified_date` timestamp NULL DEFAULT NULL ON UPDATE CURRENT_TIMESTAMP,
  PRIMARY KEY (`id`),
  UNIQUE KEY `iUnique` (`username`,`password`),
  KEY `FK_sec_user` (`employee_id`),
  CONSTRAINT `FK_sec_user` FOREIGN KEY (`employee_id`) REFERENCES `m_employee` (`id`) ON DELETE NO ACTION ON UPDATE NO ACTION
) ENGINE=InnoDB AUTO_INCREMENT=6 DEFAULT CHARSET=utf8 COLLATE=utf8_unicode_ci;

/*Data for the table `sec_user` */

insert  into `sec_user`(`id`,`employee_id`,`username`,`password`,`active`,`created_by`,`created_date`,`modified_by`,`modified_date`) values (1,1,'eka.darmawan','25980432549739cb36e057827697c925','Y',NULL,NULL,NULL,NULL),(2,2,'admin','0192023a7bbd73250516f069df18b500','Y',NULL,NULL,1,'2017-01-23 09:47:17'),(3,5,'data.entry','532ec26b5e4569952b57d042949372ff','Y',NULL,NULL,1,'2017-07-24 11:37:01'),(4,4,'kasir','de28f8f7998f23ab4194b51a6029416f','Y',NULL,NULL,1,'2017-01-23 09:48:24'),(5,2,'idgp','81dc9bdb52d04dc20036dbd8313ed055','Y',1,'2016-09-17 18:56:39',1,'2016-09-18 01:30:25');

/*Table structure for table `sec_user_roles` */

DROP TABLE IF EXISTS `sec_user_roles`;

CREATE TABLE `sec_user_roles` (
  `id` int(11) NOT NULL AUTO_INCREMENT,
  `user_id` int(11) NOT NULL,
  `role_id` int(11) NOT NULL,
  PRIMARY KEY (`id`),
  KEY `FK_sec_user_roles` (`user_id`),
  KEY `FK_sec_user_roles2` (`role_id`),
  CONSTRAINT `FK_sec_user_roles` FOREIGN KEY (`user_id`) REFERENCES `sec_user` (`id`),
  CONSTRAINT `FK_sec_user_roles2` FOREIGN KEY (`role_id`) REFERENCES `sec_role` (`id`)
) ENGINE=InnoDB AUTO_INCREMENT=13 DEFAULT CHARSET=utf8 COLLATE=utf8_unicode_ci;

/*Data for the table `sec_user_roles` */

insert  into `sec_user_roles`(`id`,`user_id`,`role_id`) values (1,1,1),(6,5,2),(7,2,2),(9,4,4),(12,3,3);

/*Table structure for table `v_kasbon_pegawai` */

DROP TABLE IF EXISTS `v_kasbon_pegawai`;

/*!50001 DROP VIEW IF EXISTS `v_kasbon_pegawai` */;
/*!50001 DROP TABLE IF EXISTS `v_kasbon_pegawai` */;

/*!50001 CREATE TABLE  `v_kasbon_pegawai`(
 `employee_id` bigint(11) ,
 `name` varchar(50) ,
 `debet` decimal(32,0) ,
 `kredit` decimal(32,0) ,
 `sisa_hutang` decimal(33,0) ,
 `remark` varchar(150) 
)*/;

/*Table structure for table `v_rpt_all_students` */

DROP TABLE IF EXISTS `v_rpt_all_students`;

/*!50001 DROP VIEW IF EXISTS `v_rpt_all_students` */;
/*!50001 DROP TABLE IF EXISTS `v_rpt_all_students` */;

/*!50001 CREATE TABLE  `v_rpt_all_students`(
 `nis` varchar(25) ,
 `name` varchar(50) ,
 `birth_place` varchar(25) ,
 `birth_date` date ,
 `accepted_date` date ,
 `gender` char(1) ,
 `gender_str` varchar(9) ,
 `active` char(1) ,
 `religion_id` int(11) ,
 `religion_name` varchar(25) ,
 `classroom_id` int(11) ,
 `classroom_name` varchar(25) ,
 `grade_id` int(11) ,
 `grade_name` varchar(25) 
)*/;

/*Table structure for table `v_rpt_bayar_uang_pangkal` */

DROP TABLE IF EXISTS `v_rpt_bayar_uang_pangkal`;

/*!50001 DROP VIEW IF EXISTS `v_rpt_bayar_uang_pangkal` */;
/*!50001 DROP TABLE IF EXISTS `v_rpt_bayar_uang_pangkal` */;

/*!50001 CREATE TABLE  `v_rpt_bayar_uang_pangkal`(
 `financial_year` int(11) ,
 `student_id` bigint(11) ,
 `nama` varchar(50) ,
 `classroom_id` int(11) ,
 `tingkatan` varchar(25) ,
 `grade_id` int(11) ,
 `jenjang` varchar(25) 
)*/;

/*Table structure for table `v_rpt_pembayaran` */

DROP TABLE IF EXISTS `v_rpt_pembayaran`;

/*!50001 DROP VIEW IF EXISTS `v_rpt_pembayaran` */;
/*!50001 DROP TABLE IF EXISTS `v_rpt_pembayaran` */;

/*!50001 CREATE TABLE  `v_rpt_pembayaran`(
 `transaction_number` varchar(2050) ,
 `transaction_date` date ,
 `transaction_type` varchar(50) ,
 `trx_type` bigint(20) ,
 `remark` varchar(150) ,
 `created_date` datetime ,
 `amount` decimal(10,0) 
)*/;

/*Table structure for table `v_rpt_pendapatan` */

DROP TABLE IF EXISTS `v_rpt_pendapatan`;

/*!50001 DROP VIEW IF EXISTS `v_rpt_pendapatan` */;
/*!50001 DROP TABLE IF EXISTS `v_rpt_pendapatan` */;

/*!50001 CREATE TABLE  `v_rpt_pendapatan`(
 `transaction_number` varchar(2050) ,
 `transaction_date` date ,
 `transaction_type` varchar(50) ,
 `trx_type` bigint(20) ,
 `remark` varchar(150) ,
 `created_date` datetime ,
 `amount` decimal(10,0) 
)*/;

/*Table structure for table `v_rpt_single_student` */

DROP TABLE IF EXISTS `v_rpt_single_student`;

/*!50001 DROP VIEW IF EXISTS `v_rpt_single_student` */;
/*!50001 DROP TABLE IF EXISTS `v_rpt_single_student` */;

/*!50001 CREATE TABLE  `v_rpt_single_student`(
 `id` int(11) ,
 `nis` varchar(25) ,
 `name` varchar(50) ,
 `nickname` varchar(25) ,
 `gender_str` varchar(9) ,
 `birth_place` varchar(25) ,
 `birth_date` date ,
 `religion` varchar(25) ,
 `classroom` varchar(25) ,
 `grade` varchar(25) ,
 `nationality` varchar(25) ,
 `address` varchar(100) ,
 `phone_number` varchar(15) ,
 `weight` smallint(6) ,
 `height` smallint(6) ,
 `blood_type` varchar(5) ,
 `illness_history` varchar(255) ,
 `nth_child` tinyint(4) ,
 `n_siblings` tinyint(4) ,
 `n_step_siblings` tinyint(4) ,
 `n_foster_siblings` tinyint(4) ,
 `daily_language` varchar(25) ,
 `stayed_at` varchar(25) ,
 `father_name` varchar(50) ,
 `mother_name` varchar(50) ,
 `father_last_education` varchar(25) ,
 `mother_last_education` varchar(25) ,
 `parent_ocupation` varchar(25) ,
 `guardian_name` varchar(50) ,
 `guardian_last_education` varchar(25) ,
 `guardian_relationship` varchar(25) ,
 `guardian_ocupation` varchar(25) ,
 `entered_school_as` varchar(25) ,
 `student_origin` varchar(25) ,
 `play_group_name` varchar(25) ,
 `play_group_location` varchar(25) ,
 `tahun_dan_nomor_sttb` varchar(25) ,
 `years_of_learning` tinyint(4) ,
 `origin_school_name` varchar(25) ,
 `transfer_date` date ,
 `transfer_from_grade` varchar(15) ,
 `accepted_date` date ,
 `accepted_grade` varchar(15) 
)*/;

/*Table structure for table `v_rpt_spp` */

DROP TABLE IF EXISTS `v_rpt_spp`;

/*!50001 DROP VIEW IF EXISTS `v_rpt_spp` */;
/*!50001 DROP TABLE IF EXISTS `v_rpt_spp` */;

/*!50001 CREATE TABLE  `v_rpt_spp`(
 `transaction_number` varchar(2050) ,
 `transaction_date` date ,
 `student_id` bigint(11) ,
 `name` varchar(50) ,
 `nis` varchar(25) ,
 `transaction_type` bigint(20) ,
 `trx_type` bigint(20) ,
 `remark` varchar(150) ,
 `created_date` datetime ,
 `amount` decimal(10,0) ,
 `month_str` varchar(9) ,
 `financial_month` int(11) ,
 `financial_year` int(11) 
)*/;

/*Table structure for table `v_students_transaction` */

DROP TABLE IF EXISTS `v_students_transaction`;

/*!50001 DROP VIEW IF EXISTS `v_students_transaction` */;
/*!50001 DROP TABLE IF EXISTS `v_students_transaction` */;

/*!50001 CREATE TABLE  `v_students_transaction`(
 `id` bigint(20) ,
 `amount_debet` decimal(10,0) ,
 `amount_credit` decimal(10,0) ,
 `created_date` datetime ,
 `transaction_date` date ,
 `financial_month` int(11) ,
 `financial_year` int(11) ,
 `remark` varchar(150) ,
 `transaction_type` bigint(20) ,
 `student_id` bigint(11) ,
 `ref_transaction_id` bigint(20) ,
 `gender` char(1) ,
 `name` varchar(50) ,
 `nickname` varchar(25) ,
 `nis` varchar(25) ,
 `address` varchar(100) 
)*/;

/*Table structure for table `v_user_employee` */

DROP TABLE IF EXISTS `v_user_employee`;

/*!50001 DROP VIEW IF EXISTS `v_user_employee` */;
/*!50001 DROP TABLE IF EXISTS `v_user_employee` */;

/*!50001 CREATE TABLE  `v_user_employee`(
 `id` int(11) ,
 `username` varchar(25) ,
 `password` varchar(50) ,
 `name` varchar(50) ,
 `nickname` varchar(25) ,
 `gender` char(1) ,
 `id_number` varchar(35) ,
 `birth_date` date ,
 `birth_place` varchar(25) ,
 `address` varchar(100) ,
 `phone_number` varchar(15) 
)*/;

/*Table structure for table `v_user_inquiry` */

DROP TABLE IF EXISTS `v_user_inquiry`;

/*!50001 DROP VIEW IF EXISTS `v_user_inquiry` */;
/*!50001 DROP TABLE IF EXISTS `v_user_inquiry` */;

/*!50001 CREATE TABLE  `v_user_inquiry`(
 `id` int(11) ,
 `employee_id` int(11) ,
 `username` varchar(25) ,
 `active` char(1) ,
 `name` varchar(50) 
)*/;

/*View structure for view v_kasbon_pegawai */

/*!50001 DROP TABLE IF EXISTS `v_kasbon_pegawai` */;
/*!50001 DROP VIEW IF EXISTS `v_kasbon_pegawai` */;

/*!50001 CREATE ALGORITHM=UNDEFINED DEFINER=`root`@`localhost` SQL SECURITY DEFINER VIEW `v_kasbon_pegawai` AS (select `trx`.`employee_id` AS `employee_id`,`emp`.`name` AS `name`,sum(`trx`.`amount_debet`) AS `debet`,sum(`trx`.`amount_credit`) AS `kredit`,(sum(`trx`.`amount_debet`) - sum(`trx`.`amount_credit`)) AS `sisa_hutang`,`trx`.`remark` AS `remark` from (`gen_trx_debet_credit` `trx` join `m_employee` `emp` on((`trx`.`employee_id` = `emp`.`id`))) where (`trx`.`transaction_type` in (select `m_system_parameter`.`value` from `m_system_parameter` where ((`m_system_parameter`.`key` = 'TRX_TYPE_KASBON_D') or (`m_system_parameter`.`key` = 'TRX_TYPE_KASBON_C'))) and isnull(`trx`.`ref_transaction_id`) and (`trx`.`employee_id` is not null)) group by `trx`.`employee_id`) */;

/*View structure for view v_rpt_all_students */

/*!50001 DROP TABLE IF EXISTS `v_rpt_all_students` */;
/*!50001 DROP VIEW IF EXISTS `v_rpt_all_students` */;

/*!50001 CREATE ALGORITHM=UNDEFINED DEFINER=`root`@`localhost` SQL SECURITY DEFINER VIEW `v_rpt_all_students` AS (select `s`.`nis` AS `nis`,`s`.`name` AS `name`,`s`.`birth_place` AS `birth_place`,`s`.`birth_date` AS `birth_date`,`s`.`accepted_date` AS `accepted_date`,`s`.`gender` AS `gender`,(case `s`.`gender` when 'L' then 'Laki-Laki' else 'Perempuan' end) AS `gender_str`,`s`.`active` AS `active`,`r`.`id` AS `religion_id`,`r`.`name` AS `religion_name`,`cr`.`id` AS `classroom_id`,`cr`.`name` AS `classroom_name`,`grd`.`id` AS `grade_id`,`grd`.`name` AS `grade_name` from (((`m_student` `s` join `m_religion` `r` on((`r`.`id` = `s`.`religion_id`))) join `m_edu_classroom` `cr` on((`cr`.`id` = `s`.`classroom_id`))) join `m_edu_grade` `grd` on((`grd`.`id` = `cr`.`grade_id`)))) */;

/*View structure for view v_rpt_bayar_uang_pangkal */

/*!50001 DROP TABLE IF EXISTS `v_rpt_bayar_uang_pangkal` */;
/*!50001 DROP VIEW IF EXISTS `v_rpt_bayar_uang_pangkal` */;

/*!50001 CREATE ALGORITHM=UNDEFINED DEFINER=`root`@`localhost` SQL SECURITY DEFINER VIEW `v_rpt_bayar_uang_pangkal` AS (select `trx`.`financial_year` AS `financial_year`,`trx`.`student_id` AS `student_id`,`stud`.`name` AS `nama`,`cls`.`id` AS `classroom_id`,`cls`.`name` AS `tingkatan`,`gr`.`id` AS `grade_id`,`gr`.`name` AS `jenjang` from (((`gen_trx_debet_credit` `trx` join `m_student` `stud` on((`stud`.`id` = `trx`.`student_id`))) join `m_edu_classroom` `cls` on((`cls`.`id` = `stud`.`classroom_id`))) join `m_edu_grade` `gr` on((`gr`.`id` = `cls`.`grade_id`))) where (`trx`.`transaction_type` = 4) group by `trx`.`student_id`,`trx`.`financial_year` order by `cls`.`name`) */;

/*View structure for view v_rpt_pembayaran */

/*!50001 DROP TABLE IF EXISTS `v_rpt_pembayaran` */;
/*!50001 DROP VIEW IF EXISTS `v_rpt_pembayaran` */;

/*!50001 CREATE ALGORITHM=UNDEFINED DEFINER=`root`@`localhost` SQL SECURITY DEFINER VIEW `v_rpt_pembayaran` AS (select `tx`.`transaction_number` AS `transaction_number`,`tx`.`transaction_date` AS `transaction_date`,`tp`.`transaction_type` AS `transaction_type`,`tp`.`id` AS `trx_type`,`tx`.`remark` AS `remark`,`tx`.`created_date` AS `created_date`,`tx`.`amount_debet` AS `amount` from (`gen_trx_debet_credit` `tx` join `gen_md_trx_type` `tp` on(((`tx`.`transaction_type` = `tp`.`id`) and (`tp`.`transaction_flow` = 'C')))) where isnull(`tx`.`ref_transaction_id`)) */;

/*View structure for view v_rpt_pendapatan */

/*!50001 DROP TABLE IF EXISTS `v_rpt_pendapatan` */;
/*!50001 DROP VIEW IF EXISTS `v_rpt_pendapatan` */;

/*!50001 CREATE ALGORITHM=UNDEFINED DEFINER=`root`@`localhost` SQL SECURITY DEFINER VIEW `v_rpt_pendapatan` AS (select `tx`.`transaction_number` AS `transaction_number`,`tx`.`transaction_date` AS `transaction_date`,`tp`.`transaction_type` AS `transaction_type`,`tp`.`id` AS `trx_type`,`tx`.`remark` AS `remark`,`tx`.`created_date` AS `created_date`,`tx`.`amount_credit` AS `amount` from (`gen_trx_debet_credit` `tx` join `gen_md_trx_type` `tp` on(((`tx`.`transaction_type` = `tp`.`id`) and (`tp`.`transaction_flow` = 'D')))) where isnull(`tx`.`ref_transaction_id`)) */;

/*View structure for view v_rpt_single_student */

/*!50001 DROP TABLE IF EXISTS `v_rpt_single_student` */;
/*!50001 DROP VIEW IF EXISTS `v_rpt_single_student` */;

/*!50001 CREATE ALGORITHM=UNDEFINED DEFINER=`root`@`localhost` SQL SECURITY DEFINER VIEW `v_rpt_single_student` AS (select `s`.`id` AS `id`,`s`.`nis` AS `nis`,`s`.`name` AS `name`,`s`.`nickname` AS `nickname`,(case `s`.`gender` when 'L' then 'Laki-Laki' else 'Perempuan' end) AS `gender_str`,`s`.`birth_place` AS `birth_place`,`s`.`birth_date` AS `birth_date`,`r`.`name` AS `religion`,`cr`.`name` AS `classroom`,`grd`.`name` AS `grade`,`s`.`nationality` AS `nationality`,`s`.`address` AS `address`,`s`.`phone_number` AS `phone_number`,`s`.`weight` AS `weight`,`s`.`height` AS `height`,`s`.`blood_type` AS `blood_type`,`s`.`illness_history` AS `illness_history`,`s`.`nth_child` AS `nth_child`,`s`.`n_siblings` AS `n_siblings`,`s`.`n_step_siblings` AS `n_step_siblings`,`s`.`n_foster_siblings` AS `n_foster_siblings`,`s`.`daily_language` AS `daily_language`,`s`.`stayed_at` AS `stayed_at`,`s`.`father_name` AS `father_name`,`s`.`mother_name` AS `mother_name`,`s`.`father_last_education` AS `father_last_education`,`s`.`mother_last_education` AS `mother_last_education`,`s`.`parent_ocupation` AS `parent_ocupation`,`s`.`guardian_name` AS `guardian_name`,`s`.`guardian_last_education` AS `guardian_last_education`,`s`.`guardian_relationship` AS `guardian_relationship`,`s`.`guardian_ocupation` AS `guardian_ocupation`,`s`.`entered_school_as` AS `entered_school_as`,`s`.`student_origin` AS `student_origin`,`s`.`play_group_name` AS `play_group_name`,`s`.`play_group_location` AS `play_group_location`,`s`.`tahun_dan_nomor_sttb` AS `tahun_dan_nomor_sttb`,`s`.`years_of_learning` AS `years_of_learning`,`s`.`origin_school_name` AS `origin_school_name`,`s`.`transfer_date` AS `transfer_date`,`s`.`transfer_from_grade` AS `transfer_from_grade`,`s`.`accepted_date` AS `accepted_date`,`s`.`accepted_grade` AS `accepted_grade` from (((`m_student` `s` join `m_religion` `r` on((`r`.`id` = `s`.`religion_id`))) join `m_edu_classroom` `cr` on((`cr`.`id` = `s`.`classroom_id`))) join `m_edu_grade` `grd` on((`grd`.`id` = `cr`.`grade_id`)))) */;

/*View structure for view v_rpt_spp */

/*!50001 DROP TABLE IF EXISTS `v_rpt_spp` */;
/*!50001 DROP VIEW IF EXISTS `v_rpt_spp` */;

/*!50001 CREATE ALGORITHM=UNDEFINED DEFINER=`root`@`localhost` SQL SECURITY DEFINER VIEW `v_rpt_spp` AS (select `tx`.`transaction_number` AS `transaction_number`,`tx`.`transaction_date` AS `transaction_date`,`tx`.`student_id` AS `student_id`,`s`.`name` AS `name`,`s`.`nis` AS `nis`,`tx`.`transaction_type` AS `transaction_type`,`tp`.`id` AS `trx_type`,`tx`.`remark` AS `remark`,`tx`.`created_date` AS `created_date`,`tx`.`amount_credit` AS `amount`,(case `tx`.`financial_month` when 1 then 'Januari' when 2 then 'Februari' when 3 then 'Maret' when 4 then 'April' when 5 then 'Mei' when 6 then 'Juni' when 7 then 'Juli' when 8 then 'Agustus' when 9 then 'September' when 10 then 'Oktober' when 11 then 'November' when 12 then 'Desember' end) AS `month_str`,`tx`.`financial_month` AS `financial_month`,`tx`.`financial_year` AS `financial_year` from ((`gen_trx_debet_credit` `tx` join `gen_md_trx_type` `tp` on((`tx`.`transaction_type` = `tp`.`id`))) join `m_student` `s` on((`tx`.`student_id` = `s`.`id`))) where ((`tx`.`transaction_type` = 2) and isnull(`tx`.`ref_transaction_id`))) */;

/*View structure for view v_students_transaction */

/*!50001 DROP TABLE IF EXISTS `v_students_transaction` */;
/*!50001 DROP VIEW IF EXISTS `v_students_transaction` */;

/*!50001 CREATE ALGORITHM=UNDEFINED DEFINER=`root`@`localhost` SQL SECURITY DEFINER VIEW `v_students_transaction` AS (select `trx`.`id` AS `id`,`trx`.`amount_debet` AS `amount_debet`,`trx`.`amount_credit` AS `amount_credit`,`trx`.`created_date` AS `created_date`,`trx`.`transaction_date` AS `transaction_date`,`trx`.`financial_month` AS `financial_month`,`trx`.`financial_year` AS `financial_year`,`trx`.`remark` AS `remark`,`trx`.`transaction_type` AS `transaction_type`,`trx`.`student_id` AS `student_id`,`trx`.`ref_transaction_id` AS `ref_transaction_id`,`s`.`gender` AS `gender`,`s`.`name` AS `name`,`s`.`nickname` AS `nickname`,`s`.`nis` AS `nis`,`s`.`address` AS `address` from (`gen_trx_debet_credit` `trx` join `m_student` `s` on((`trx`.`student_id` = `s`.`id`)))) */;

/*View structure for view v_user_employee */

/*!50001 DROP TABLE IF EXISTS `v_user_employee` */;
/*!50001 DROP VIEW IF EXISTS `v_user_employee` */;

/*!50001 CREATE ALGORITHM=UNDEFINED DEFINER=`root`@`localhost` SQL SECURITY DEFINER VIEW `v_user_employee` AS (select `u`.`id` AS `id`,`u`.`username` AS `username`,`u`.`password` AS `password`,`e`.`name` AS `name`,`e`.`nickname` AS `nickname`,`e`.`gender` AS `gender`,`e`.`id_number` AS `id_number`,`e`.`birth_date` AS `birth_date`,`e`.`birth_place` AS `birth_place`,`e`.`address` AS `address`,`e`.`phone_number` AS `phone_number` from (`sec_user` `u` join `m_employee` `e` on((`u`.`employee_id` = `e`.`id`)))) */;

/*View structure for view v_user_inquiry */

/*!50001 DROP TABLE IF EXISTS `v_user_inquiry` */;
/*!50001 DROP VIEW IF EXISTS `v_user_inquiry` */;

/*!50001 CREATE ALGORITHM=UNDEFINED DEFINER=`root`@`localhost` SQL SECURITY DEFINER VIEW `v_user_inquiry` AS (select `u`.`id` AS `id`,`u`.`employee_id` AS `employee_id`,`u`.`username` AS `username`,`u`.`active` AS `active`,`e`.`name` AS `name` from (`sec_user` `u` join `m_employee` `e` on((`u`.`employee_id` = `e`.`id`)))) */;

/*!40101 SET SQL_MODE=@OLD_SQL_MODE */;
/*!40014 SET FOREIGN_KEY_CHECKS=@OLD_FOREIGN_KEY_CHECKS */;
/*!40014 SET UNIQUE_CHECKS=@OLD_UNIQUE_CHECKS */;
/*!40111 SET SQL_NOTES=@OLD_SQL_NOTES */;
